playerID,uPER,PER
abrossv01w,0.5099290719866542,18.1526649916883
abrossv01w,0.4916770125257514,17.502920666440623
abrossv01w,0.5364898922160368,19.098188002663168
abrossv01w,0.4523809425891571,16.10404299455213
abrossv01w,0.4912483849260182,17.48766220472195
abrossv01w,0.47016573936235173,16.737153510317174
abrossv01w,0.5648873005351448,20.10909063239682
abrossv01w,0.46915883465805286,16.701309302210973
adamsjo01w,0.44687495345052564,15.908038526926745
aguilel01w,0.3992907518233509,14.214116531717067
ajavoma01w,0.571523169345643,20.345317021640458
ajavoma01w,0.5621805696391726,20.012735311869967
aldrima01w,0.3213235175984001,11.438606836417586
aldrima01w,0.18285709061225983,6.509421975701786
alhalta01w,0.25158729160367893,8.956107959985669
allench01w,0.33877544106623647,12.059867591247638
amachma01w,0.5666647777840741,20.17236599911489
amachma01w,0.2510637763694093,8.93747164919696
amachma01w,0.6666644444518518,23.73219529307634
ambermo01w,0.0,0.0
anderam01w,0.5999940000599994,21.358833372020865
anderam01w,0.11111098765445816,3.9553746718715845
anderch01w,0.29239764371943605,10.40889167216744
anderch01w,0.35411253878300697,12.605843908527717
anderch01w,0.3291479771427806,11.717145167830616
anderch01w,0.4654589259550984,16.569598429318592
anderch01w,0.46976738723635036,16.72297280737381
anderjo01w,0.37275203343999913,13.269380311354341
anderke01w,0.3447004528870864,12.27078860078462
anderke01w,0.20294115657439643,7.224382822435344
anderke01w,0.37419342767953945,13.320691656772219
andrame01w,0.46085319371576916,16.40564167734084
andrame01w,0.3208286638205077,11.420990827950064
andrame01w,0.2640601464051106,9.400121779041442
andrame01w,0.23999996307692878,8.543617469739148
anosini01w,0.5820652110645086,20.72059696185924
anosini01w,0.6928571351243623,24.664613476563332
arcaija01w,0.3788126880367176,13.485129988257338
arcaija01w,0.6285961817279361,22.377025607710955
arcaija01w,0.43960573082790555,15.649265747990388
arcaija01w,0.43961267218650824,15.649512849330995
arcaija01w,0.4039851677109808,14.381230280709271
askamma01w,0.4334867614098186,15.4314401560739
askamma01w,0.3088166981713063,10.993383930637632
askamma01w,0.4339534681882108,15.448054176067892
askamma01w,0.28749996006944994,10.23454191370575
atkinla01w,0.34244603495333253,12.190534903259097
atkinla01w,0.3247787466912059,11.561607503837623
atkinla01w,0.33424652955527,11.898645535177598
atkinla01w,0.5391303175803657,19.192182951583188
atunrmo01w,0.3385057373992605,12.050266569100438
augusse01w,0.717437716037031,25.539643113274142
augusse01w,0.8075022798947642,28.745798528109436
augusse01w,0.6844529684793381,24.3654384931738
augusse01w,0.8207864707423332,29.218694621682005
aycocan01w,0.8166653055578241,29.071987687169823
aycocan01w,0.14285693877580175,5.085480106541416
azizle01w,0.35227264721076196,12.540346691038481
azzije01w,0.4280858599626859,15.239176643344642
azzije01w,0.3679668019255867,13.099033670300168
azzije01w,0.40373587833418006,14.372355974866263
azzije01w,0.33213027876645884,11.823310368547425
badertr01w,0.35870644981559946,12.769379844322442
badertr01w,0.29298243044013766,10.429709150549536
badertr01w,0.2386363455578526,8.495074852029298
bakersh01w,0.5048859852624432,17.973139114742363
bakersh01w,0.5701219396316679,20.295435469535395
bakersh01w,0.4076919940830815,14.513187411635236
bakersh01w,0.6581817583471129,23.43022514164123
bakersh01w,0.79090837190148,28.15508176130217
balesal01w,0.5047336979447515,17.967717928125627
balesal01w,0.42570692993041315,15.15449051288679
balesal01w,0.5111110705467404,18.19474226294156
banchrh01w,0.3190474671202537,11.357583054672808
baranel01w,0.5511178805780703,19.618921153263493
baranel01w,0.5074117587363323,18.06305263847572
baranel01w,0.5372137353319301,19.12395566783699
baranel01w,0.4645330486407865,16.536638667592065
barksla01w,0.26285706775512346,9.357294090071315
barksla01w,0.4322806865866426,15.38850580809737
barksla01w,0.42321426052296063,15.065755441336094
barnead01w,0.6333329814816769,22.5456481550142
barnead01w,0.7666641111196295,27.29202458703779
barnead01w,0.37038538802463716,13.185131493745635
barnead01w,0.35580807182302854,12.666202191568807
barnead01w,0.3261193948726519,11.609332449612321
barnequ01w,0.3801418385795484,13.53244563636018
barnequ01w,0.4096069690127961,14.58135747738803
barnequ01w,0.48461501183460626,17.25152465911358
batkosu01w,0.5913231975851801,21.050166576614828
batkosu01w,0.3421768474709627,12.18095225646397
batteja01w,0.05434781427221429,1.934695862054757
batteja01w,0.3185393079472299,11.339493395272891
battlas01w,0.19999975000031253,7.119673420526421
battlas01w,0.42153845227388015,15.006099329521662
battlas01w,0.45918097147713377,16.346113221802234
battlas01w,0.4645833195064488,16.538428230559433
battlas01w,0.4202554667836594,14.960427083963197
bauerca01w,0.24572863704199405,8.747549163473131
bauerca01w,0.23137252633602684,8.23649442557846
bauerca01w,0.18841200908102967,6.707168249760779
beardal01w,0.5991219453744201,21.32778961038539
beardal01w,0.543842359173967,19.35992414771131
beardal01w,0.7644869138381598,27.214519822076344
beardal01w,0.6558597035426886,23.347563678954206
beardal01w,0.5989010934166566,21.31992763149013
beardal01w,0.6035532933649412,21.485538560097414
beckki01w,0.31612899826569907,11.253690199144867
bennije01w,0.26923071745563126,9.584185895507977
berezva01w,0.0,0.0
berthlu01w,0.649999593750254,23.138953078538464
berthlu01w,0.5104477357986201,18.171128599548997
berthlu01w,0.3947760899420828,14.053401739830187
beviltu01w,0.32550250847358664,11.58737227366759
beviltu01w,0.3885786752718443,13.832783621539496
beviltu01w,0.3294536738847108,11.728027486274806
beviltu01w,0.382539667359537,13.617804532217955
beviltu01w,0.36927373270185104,13.145558330007105
beviltu01w,0.3513172926538684,12.506337586297684
beviltu01w,0.34744744396949506,12.368577119999356
beviltu01w,0.33906769878948173,12.070271501973174
beviltu01w,0.33470319252621933,11.914902011580201
beviltu01w,0.41405342143956536,14.739644121038609
bibbyje01w,0.34347821109011434,12.227278734220564
bibrzag01w,0.441720420608163,15.724545345195557
bibrzag01w,0.5643142401556027,20.08869059313389
birdsu01w,0.5644067746261662,20.091984673304253
birdsu01w,0.5481514036254278,19.513319285699655
birdsu01w,0.5568661922811073,19.8235519192767
birdsu01w,0.5078431322760477,18.078408851296114
birdsu01w,0.5344600888783091,19.025930227978485
birdsu01w,0.48998911327541766,17.442834134186914
birdsu01w,0.5569756925564744,19.827449955149593
birdsu01w,0.5206176156165522,18.533160167236286
bjorkte01w,0.07692301775152481,2.7383372474783467
blackch01w,0.3890186824995635,13.84844717993908
blackde01w,0.360731702917906,12.841475637853724
blackde01w,0.41331923453150915,14.713508233293858
blackde01w,0.4174638440771541,14.861049749823465
blackde01w,0.33967827507564946,12.092007047921733
blackde01w,0.3515850042770892,12.515867694851362
blodgci01w,0.4067668867092566,14.480255058567076
blodgci01w,0.5430554801311833,19.33191250366642
blueni01w,0.5458563234333522,19.431618076365787
blueni01w,0.40261903803288007,14.332598234128458
blueni01w,0.315270012751024,11.223111679234519
blueni01w,0.37142853061224934,13.222265712937558
blueoc01w,0.1351350986121355,4.81059486208125
blueoc01w,0.3490322355463074,12.424993182851873
bobbish01w,0.334420283796734,11.904830910182582
bobbish01w,0.3379603303693958,12.03085094516146
boddiwh01w,0.22222197530891633,7.910749343743169
boltoru01w,0.5479262609685914,19.505304564732747
boltoru01w,0.5300687194146269,18.869604450320058
boltoru01w,0.5951153243539304,21.18516026617042
boltoru01w,0.4243761914707065,15.107118337465415
boltoru01w,0.4701492437068392,16.73656629118262
bondla01w,0.4014657915070718,14.291544489625783
bondla01w,0.30492306754082876,10.854776864833225
bonfisu01w,0.4558823380430609,16.228687111096637
bonnede01w,0.6834254049250634,24.328858862822965
bowenli01w,0.17837833016801885,6.34998521794725
boydca01w,0.42521737281663596,15.137063057248552
braxtka01w,0.5863736134862941,20.873969244610944
braxtka01w,0.5373258903251842,19.12794820744991
braxtka01w,0.4814678810739839,17.139491802936067
braxtka01w,0.6366101587015228,22.662310458574353
braxtka01w,0.7053571288619618,25.109593398639205
brazian01w,0.29852215278216,10.626914466633837
brazian01w,0.4912023316362953,17.48602278075883
bristre01w,0.07999984000031998,2.847867232312813
brogami01w,0.42662068377074924,15.187018698196695
brondsa01w,0.5235294056055364,18.636815265758628
brondsa01w,0.41166447691134367,14.654601490431993
brondsa01w,0.3788717909859304,13.487233959370224
brownco01w,0.42662834431746466,15.187291401491755
brownco01w,0.3422110466781144,12.182169693916569
brownco01w,0.3304346389414613,11.762948284130808
brownco01w,0.2944444327601415,10.48175411089805
browned01w,0.42294021933860704,15.056000010459961
browned01w,0.4233749947078126,15.07147732300674
browned01w,0.330054638796819,11.749420882573547
browned01w,0.38721373306844026,13.784193847171702
browned01w,0.19999992857145407,7.119679777375418
brownki01w,0.36296292935528435,12.920903754945638
brownki01w,0.34200742223020736,12.174920987008031
brownki01w,0.3951482373275408,14.066649595633805
brownki01w,0.07222218209878771,2.5709949650454784
brownki01w,0.1428570408163994,5.085483739024611
brownki01w,0.5379309417360445,19.149487076613237
brownki01w,0.5623853039025901,20.020023526447847
brownki01w,0.5275860249703362,18.7812244716137
brownki01w,0.4243396146351016,15.105816260216507
brownki01w,0.4455470624542733,15.860767716681435
brownru01w,0.5122238510718137,18.234355482094237
brownru01w,0.47657894109764554,16.965453305367788
brownru01w,0.3485042660576012,12.406198307680356
brownru01w,0.37991717639923034,13.52444801959413
brumfma01w,0.2884176135657812,10.267208920574872
brumfma01w,0.33481780020980567,11.918981863073098
brumfma01w,0.2552845320906884,9.087723848628602
brungje01w,0.2805732394721898,9.987961662842192
brungje01w,0.0893616831145355,3.1811339768328155
brungje01w,-0.14285693877580175,-5.085480106541416
brunsre01w,0.46639675169237343,16.602983535923737
brunsre01w,0.5098337879524406,18.1492730314194
brunsre01w,0.5579564395652188,19.862362990842925
brunsre01w,0.6003218819707953,21.37050544723777
brunsre01w,0.569576372662691,20.27601415201807
brunsre01w,0.6538345766340665,23.275472377717644
bullevi01w,0.47193783846491916,16.80023742356741
bullevi01w,0.44016774985864165,15.669272732773898
bullevi01w,0.45456452828368804,16.181775176871206
burgean01w,0.29220245838300335,10.40194338422271
burgean01w,0.37974682943438565,13.518383938224678
burgean01w,0.29999999643281816,10.679523353191286
burgeli01w,0.4609754973230494,16.409995491493035
burraal01w,0.5388534860237744,19.182328187887617
burraal01w,0.4430146895950482,15.770619265312575
burraal01w,0.5022116824295153,17.87793818175117
burraal01w,0.4003703555418388,14.252548709253329
burseja01w,0.418934886453557,14.913416521820567
burseja01w,0.3534883618171988,12.58362419998727
burseja01w,0.6219177940201417,22.13928561326056
burseja01w,0.4420233377038261,15.735328712647828
burseja01w,0.5076833468255721,18.072720743062302
burseja01w,0.525915868033706,18.721769537545956
burseja01w,0.47108603002699534,16.76991439618934
burseja01w,0.5147874211684396,18.325614505560893
buttsta01w,0.2955082672456675,10.519624928788708
byearla01w,0.4902111230285773,17.450737328759235
byearla01w,0.5817320624934769,20.7087374019035
byearla01w,0.5479423755567413,19.50587821847448
byearla01w,0.5708332540509369,20.32075713300997
byearla01w,0.42999998696969743,15.307316524396047
byearla01w,0.5972476881575631,21.261069030534337
byearla01w,0.5782607438563601,20.585163972262617
campbed01w,0.5007843039061901,17.827125773567996
campbed01w,0.3839578409372618,13.668289258958886
campbed01w,0.4416662986114178,15.722618688078775
campbed01w,0.44309391653185193,15.773439618418768
campbed01w,0.2677710762719555,9.532224987862312
campbed01w,0.23790321621358,8.46897661187541
campbmi01w,0.25454533884302777,9.061409743146001
cantydo01w,0.4788265245047637,17.04546370460104
cantydo01w,0.4590399926553601,16.341094599677767
cantydo01w,0.38767999379712015,13.800791988504441
cantydo01w,0.38024690771223907,13.536185930592218
cantydo01w,0.35090908635183005,12.491806090339768
cantydo01w,0.3785356030237151,13.47526620191612
cantydo01w,0.4881670420378877,17.377971292307723
cantydo01w,0.4971649420468436,17.698282240367497
cantydo01w,0.4734056923554181,16.852490690530917
cantydo01w,0.44471648911447825,15.831200625066934
careyja01w,0.29767438399135066,10.59673524427647
careyja01w,0.3153846043571817,11.227190958396493
careyja01w,0.3326968894344418,11.843480808323568
careyja01w,0.3699398723458944,13.169271843239233
carsoes01w,0.45170277938540593,16.07990146169262
carsoes01w,0.4775320084105703,16.999380987856355
carteam01w,0.09230762130182979,3.2860046969740164
carteam01w,-0.030769207100609926,-1.0953348989913387
cashsw01w,0.579610745323348,20.633221880145854
cashsw01w,0.6462169494419604,23.004296949513197
cashsw01w,0.6756561024827502,24.05228403663202
cashsw01w,0.38471614880532434,13.695283814566142
cashsw01w,0.48747474255076023,17.353326530214083
cashsw01w,0.4716371170840759,16.789532220075053
cashsw01w,0.4978424973264024,17.722402132091386
cashsw01w,0.4698354618845022,16.725396156718283
cassija01w,0.495428543118369,17.636469196608832
castriz01w,0.3840659129634114,13.672136451428269
castriz01w,0.4550561542103284,16.19927627896127
castriz01w,0.36325369325081125,12.931254487777196
castriz01w,0.4534351075811434,16.141569593831793
castriz01w,0.5455867025380405,19.422020000758362
castriz01w,0.47764529839574815,17.00341393137894
castriz01w,0.5907103760578101,21.028351103645804
catchta01w,0.7597257861206017,27.04503123790373
catchta01w,0.747438010351752,26.607605938428446
catchta01w,0.7113141800581881,25.321654959048264
catchta01w,0.6522998240860322,23.22083762480766
catchta01w,0.7368814123540485,26.231807817804224
catchta01w,0.8116519054328627,28.893518606002992
catchta01w,0.6920749179816293,24.636767788755282
catchta01w,0.6973247168143477,24.823652288422693
caufila01w,0.333846102485215,11.884390967521762
chambco01w,-1.9999800001999979,-71.19611124006956
chanequ01w,0.4066389872763906,14.47570204191243
chapmji01w,0.26218485191723934,9.333364273989881
choneka01w,0.2982608436294919,10.617612275862156
choneka01w,0.2393442230583241,8.520274166653879
choneka01w,-0.06249996093752441,-2.224899334474852
chriska01w,0.43486681755770423,15.48056796285826
chriska01w,0.4342943788422704,15.460190053850132
chriska01w,0.2616707552415048,9.315063248924586
chriska01w,0.3444444125514433,12.261673971530044
chriska01w,0.2306817919679782,8.21190537923799
chriska01w,0.16981128871485118,6.045012150098062
chriska01w,0.32405658848789676,11.53589981887548
chrissh01w,0.40714284987244914,14.493638749997064
chrissh01w,0.4840543821501313,17.23156713285013
chrissh01w,0.5007092147851144,17.824452720129216
chrissh01w,0.4387793386030109,15.61984749742506
chrissh01w,0.6025343125392364,21.449264461250863
chrissh01w,0.618737666481877,22.026078124211043
cironkr01w,0.6304345085067354,22.442467121039044
clearmi01w,0.33772101497601154,12.02233169728541
clearmi01w,0.2387754614743956,8.500027157686588
clinest01w,0.40280700341028064,14.339289502999824
clinest01w,0.26533329795556027,9.445443951964279
clinest01w,0.3990475810430875,14.205460038192015
coggicl01w,0.25510202780091695,9.081226985802445
cokermo01w,0.33571404591853865,11.950886786707839
colemco01w,0.3106382758412571,11.058229202294987
colemma01w,0.41828570631836753,14.890306740165165
colleka01w,0.3526918630848584,12.555270110274067
colleka01w,0.2636363418482362,9.38503500998762
consuca01w,0.14399997120000574,5.126170245251051
coopeca01w,0.629411641291835,22.40605467291027
coopeca01w,0.30084031085375534,10.70943721182172
coopecy01w,0.6306912384268089,22.451606298404002
coopecy01w,0.5611110721450645,19.974662899868907
crawlsy01w,0.4699999949462367,16.731253272371813
crawlsy01w,0.4593919602671883,16.353624087593705
crawlsy01w,0.4610500554206342,16.41264964133902
crawlsy01w,0.3157801362450331,11.241271265341386
crockda01w,0.4321428056972851,15.383597467446167
crockwi01w,0.43658525936944886,15.54174176178441
cronika01w,0.20746267108487526,7.385341557037414
cunnibe01w,0.34797978040506156,12.387527451542644
cunnida01w,0.09523804988664292,3.3903232999023314
currimo01w,0.5473933584432067,19.486334081291105
currimo01w,0.5704917097554575,20.30859869859966
currimo01w,0.5383916921090571,19.165889058036864
currimo01w,0.513477360972455,18.278978443482682
currimo01w,0.5274725202270258,18.777183883042717
curryed01w,0.2668292552766217,9.498697656416342
curryed01w,0.33539820040723894,11.939643188194392
dalesst01w,0.4642235967177193,16.525622670664127
dalesst01w,0.471843682646857,16.79688562600144
dalesst01w,0.4398976925844285,15.659659122770725
dalesst01w,0.41740087186341696,14.85880803903945
dalesst01w,0.45810650345436094,16.307863866875895
daleygr01w,0.3923743432864065,13.96790337382108
daleygr01w,0.6151514219467542,21.89841351514937
daleygr01w,0.422162139342587,15.028301598503454
daleygr01w,0.1428570918367529,5.085485555268155
darlihe01w,0.40197841003635953,14.309792895025458
darlihe01w,0.38946014923573075,13.86416269452113
darlihe01w,0.3318509575498683,11.813366976910457
darlihe01w,0.33875529931039183,12.059150576732721
darlihe01w,0.3268333278861112,11.634747330880696
darlihe01w,0.3754530415905594,13.365531911234537
darlihe01w,0.37061402966938556,13.193270773124423
darlihe01w,0.3105172360255649,11.053920377115917
darlihe01w,0.3471962562742016,12.359635237033295
davenje01w,0.5554973676571371,19.77482393690358
davenje01w,0.531168796677351,18.90876545351096
davenje01w,0.5303867110283585,18.880924446671212
davisbr01w,0.4601694525280125,16.3813015771108
davisde01w,0.05263155124655198,1.8735996244523545
davista02w,0.8499978750053125,30.258574214066797
deforan01w,0.47967666328691316,17.07572729488562
deforan01w,0.49887323475236395,17.7590947472329
deforan01w,0.548697911903664,19.53277411233144
deforan01w,0.46560565459234604,16.574821735740926
deforan01w,0.47632367156519806,16.956366115482634
deforan01w,0.4735848997033346,16.858870187463904
deforan01w,0.45867768053509234,16.328196863692593
deforan01w,0.2247787411700229,8.00176614723318
derevje01w,0.2435714111734706,8.67075534908999
derevje01w,0.17827297553557173,6.346234760377368
derevje01w,0.40792290347060167,14.52140741905462
derevje01w,0.29949998502500075,10.66172374129081
derevje01w,0.3041379100594545,10.82682650563998
desouer01w,0.4487803783462492,15.975868626638725
desouer01w,0.49846546039730283,17.74457862790127
desouer01w,0.6400721790587662,22.78555288422113
desouer01w,0.6317887862953794,22.49067725918073
dickeke01w,0.2840707928688901,10.112469008252974
dickeke01w,0.21666630555615743,7.712976325167504
dillata01w,0.3446428366284026,12.268737553493109
dillata01w,0.2536585242117793,9.029840550889393
dillata01w,0.25882347866206296,9.213704725308894
dixonta01w,0.531859404400687,18.933349991500826
dixonta01w,0.481189183987144,17.129570629326853
dixonta01w,0.4423799536286018,15.748023673121317
dixonta01w,0.5097888626699726,18.14767376272283
dixonta01w,0.4762321963172815,16.953109741956034
dixonta01w,0.4163097130756226,14.819964519389945
dixonta01w,0.33604060345108966,11.962511716162863
dixonta01w,0.585510192132445,20.843232815871882
dixonta01w,0.42902207525201774,15.272504420561043
dixonta01w,0.41580187698580484,14.801886361238978
donapbe01w,0.0,0.0
donapbe01w,0.3722338126882294,13.250932475732876
doronsh01w,0.3685713232653362,13.120553669773912
dossaci01w,0.41731706808149915,14.855824757517055
dossaci01w,0.3723076350295946,13.253560433826111
dossaci01w,0.42884613735207167,15.26624131078262
douglka01w,0.4890660480850559,17.409974479606237
douglka01w,0.4830120423733489,17.194461492448564
douglka01w,0.5349940624555864,19.044938839166242
douglka01w,0.46232142444355867,16.457908359113326
douglka01w,0.5010019989879559,17.83487537269212
douglka01w,0.6465603125966071,23.016520132420787
douglka01w,0.661076781455633,23.533283365851553
douglka01w,0.5669312119318236,20.18185063157093
douglka01w,0.6636091658663094,23.623432228433728
duffyme01w,0.3583979235556092,12.758396799529717
duffyme01w,0.2770832756076509,9.863724492721147
duffyme01w,0.21333328592593645,7.594326120498049
dupreca01w,0.5943798392017458,21.158978162996828
dupreca01w,0.6371057454813938,22.67995256074801
dupreca01w,0.6504021389597664,23.153283048594535
dupreca01w,0.6026981399435234,21.45509645662013
dydekma01w,0.5691612829785642,20.261237618591363
dydekma01w,0.5623711282229781,20.0195188947703
dydekma01w,0.685388120029816,24.398728402976644
dydekma01w,0.6439524768471655,22.92368532202543
dydekma01w,0.5152492593071956,18.34205520971718
dydekma01w,0.5429210053215946,19.32712541404477
dydekma01w,0.6619111620200382,23.56298598861478
dydekma01w,0.5435458702403442,19.34936961261719
dydekma01w,0.40714256632673834,14.493628656220144
edwarmi01w,0.32941157093437,11.726528688118975
edwarmi01w,0.3626373546673109,12.909313813196425
edwarmi01w,0.5076919171600637,18.073025833357086
edwarsi01w,0.41286821065320606,14.69745249963233
edwarsi01w,0.42456789599298894,15.113942713955321
edwarsi01w,0.4203169968254035,14.962617455715007
edwarsi01w,0.3856152446167202,13.72729019732858
edwarsi01w,0.3027237236294271,10.776483715023895
edwarsi01w,0.36268654912007214,12.911065057574286
edwarte01w,0.3865339533192746,13.759994767863157
edwarte01w,0.3925394491744699,13.973780881182043
edwarto01w,0.44103671229981956,15.700206415420402
edwarto01w,0.34220429187622875,12.181929233698762
edwarto01w,0.4985576683385736,17.74786108414747
edwarto01w,0.5072607093313297,18.057675519584418
elysh01w,0.3162878727975782,11.25934588012355
elysh01w,0.37720585461721656,13.427929270816357
elysh01w,0.2897163017831099,10.313440158276176
elysh01w,0.40102826732575153,14.275969323733934
elysh01w,0.5456740332862368,19.425128836678038
enissh01w,0.5136222751200533,18.284137156955637
enissh01w,0.3805778430083814,13.547966701477456
enissh01w,0.49322025538639735,17.557857660993573
enissh01w,0.5225122263864237,18.600605301245086
erbsu01w,0.466545437580166,16.608276517356575
erbsu01w,0.4574324015248377,16.283866908927973
erbsu01w,0.3400584695889337,12.105541368693912
ervinla01w,0.36607136320154227,13.031559062437935
fallotr01w,0.4662306722208006,16.597071370536277
farriba01w,0.43076919763313865,15.33469920220079
farriba01w,0.3150268279959423,11.21445468822813
farriba01w,0.3223404198166593,11.47480694014073
farriba01w,0.30498083706933266,10.856833368286878
farriba01w,0.3281990443554729,11.68336466788674
farriba01w,0.2378378324811299,8.466649054855669
farriba01w,0.3694915215096237,13.1533112656282
farriba01w,0.3092826873720385,11.009972406006728
farriba01w,0.30596744473838255,10.891955034178016
farriba01w,0.22363634330578697,7.961098597850473
feastal01w,0.5648187512831823,20.106650387910545
feastal01w,0.4557100252660375,16.222553049936117
feastal01w,0.5242677769428058,18.66310011253682
feastal01w,0.48604014155072867,17.30225701333234
feastal01w,0.4249049389267591,15.125940907038743
feastal01w,0.35390389859003163,12.598416649061756
feastal01w,0.2724919005666052,9.700278834197322
feastal01w,0.38372091748435494,13.659855160364474
feifesu01w,0.3458331892361712,12.31111221557429
ferdima01w,0.5335648086392962,18.994059673532227
ferdima01w,0.5527699478613151,19.677732124404308
ferdima01w,0.5271505329108376,18.765721646030876
ferdima01w,0.4919449805118864,17.51245990110684
ferdima01w,0.48828828340051766,17.382287292237642
ferdima01w,0.44594593667472066,15.874967005357785
ferdima01w,0.5066176396085641,18.034783258905527
ferdima01w,0.5578170926897613,19.85740246341513
fernama01w,0.4314253599166626,15.35805753724646
ferrama01w,0.33571426391465814,11.950894547023427
figgsuk01w,0.42976338194566155,15.298893761363649
figgsuk01w,0.4415053715967165,15.716889941971782
figgsuk01w,0.4390300180250576,15.628771286670876
figgsuk01w,0.23918066975650557,8.514451928897108
firsool01w,0.6947364764544861,24.73151504277108
floremi01w,0.3128691917116205,11.137646263694473
flukety01w,0.3401234462924862,12.107854436131424
flukety01w,0.4587718895814132,16.331550556100023
flukety01w,0.06129030280957975,2.1818374265402776
flukety01w,0.39220777522910066,13.961973815557595
folklkr01w,0.4324260303854908,15.393679816472364
folklkr01w,0.38642690967022153,13.756184183984937
folklkr01w,0.41661128876060977,14.830700134752849
fordch01w,0.5175732163433764,18.424784388833235
fordch01w,0.5544956079550921,19.739162882705298
fordch01w,0.52660943640977,18.74645947007023
fordch01w,0.7107608618395559,25.30195770935529
fordch01w,0.6165217257277886,21.94719415316448
fordch01w,0.5761381385221642,20.5096025939103
fordch01w,0.475364232114381,16.922211595006605
fordki01w,0.3830188588910647,13.634862989592795
fordki01w,0.3116455617304921,11.094086979979442
fordst01w,0.7666641111196295,27.29202458703779
fordst01w,0.283333097222419,10.086208214993933
fowlesy01w,0.5820930097187671,20.721586549795475
fowlesy01w,0.5002890101114305,17.809494101198922
francde01w,0.0,0.0
frankaq01w,0.33760682798840946,12.01826682190132
frankaq01w,0.07999996000002,2.8478715041115263
frazeme01w,0.5766870988746289,20.529144710489746
fresest01w,0.3423423269215168,12.186843062056232
frettla01w,0.3016042619462962,10.73663265725671
frettla01w,0.3863523477331924,13.753529897460835
frettla01w,0.3819444385502402,13.596615332068078
frettla01w,0.35666664288889044,12.696765957759718
frettla01w,0.22816898194803073,8.12245333387381
frettla01w,0.48405795347616115,17.231694266384103
frettla01w,0.3639889095847948,12.95742702144982
friertr01w,0.39545436570256104,14.077547279530396
frohlli01w,0.1507462461572767,5.366326917950742
frohlli01w,0.5289719378985076,18.830560770473323
frohlli01w,0.49171594723574275,17.504306680272446
frohlli01w,0.18627447327951502,6.631075370487461
futreca01w,0.4131944157503878,14.709064882948017
gaithka01w,0.3458331892361712,12.31111221557429
gaithka01w,0.4796295408093442,17.074049809533484
gaithka01w,0.059999880000240015,2.135900424234611
gaithka01w,0.0,0.0
garcibe01w,0.15937497509766013,5.673495962360443
gardike01w,0.4027777703189302,14.338248851381573
gardike01w,0.4941275084877935,17.590154430322986
gardnan01w,0.42878785713192635,15.264166627517714
gardnan01w,0.4449437952278766,15.839292361651019
garnean01w,0.2974999946875001,10.590527262059258
gaydeco01w,0.4285708163274053,15.25644031962425
gearlka01w,0.40343248504731155,14.361555655763462
gearlka01w,0.4405982811837974,15.68459896409374
gearlka01w,0.4090534811089102,14.561654187169552
gibsoke01w,0.37105258275623915,13.208882566418948
gibsoke01w,0.23298610302131587,8.293935192570496
gibsoke01w,0.27246375824406677,9.699277012216202
gibsoke01w,0.236363625054372,8.414169612093293
gilloje01w,0.5559321966594166,19.790303158702603
gilloje01w,0.5378787816098044,19.147630258970203
gilloje01w,0.6272311141049073,22.328431368603734
gilloje01w,0.3972292091378033,14.140728886664757
gilmous01w,0.1285713673469679,4.576936454868146
gisseka01w,0.02857140816327988,1.0170967478049222
givench01w,0.1999998000002,7.1196752004429955
gomisem01w,0.19999986666675557,7.11967757366648
goodsad01w,0.6574811554630661,23.405284791806373
goodsad01w,0.4976580737979148,17.715836947415454
goodsad01w,0.5537692956060918,19.713307316754992
goodsad01w,0.48720329734568324,17.343663512076745
goodsad01w,0.46919475216109785,16.702587908268036
goodsad01w,0.36883719214710736,13.13001817965899
goodsad01w,0.35498153671654853,12.636778854645993
goringi01w,0.5685897071416854,20.2408904266892
gortmsh01w,0.35420053240648963,12.608976341754682
gortmsh01w,0.3459999827000008,12.317049797951986
gortmsh01w,0.09166662847223815,3.263186370393186
gortmsh01w,0.29811319629761523,10.612356265370282
granter01w,0.31516586184048045,11.219404072252413
grecomi01w,0.49589034302872015,17.652908539894632
greenci01w,0.21666657638892647,7.712985966383892
grginve01w,0.3360655554062538,11.963399966133036
grginve01w,0.3977578296969583,14.15954693891009
grginve01w,0.36202527062971257,12.887524593691849
griffyo01w,0.7704678287478769,27.427430892780563
griffyo01w,0.7139275699728174,25.414687488902068
griffyo01w,0.6270363842801321,22.321499296150478
griffyo01w,0.6376354616981728,22.698809616664416
griffyo01w,0.694083407428871,24.708266822793636
griffyo01w,0.6524947957121122,23.227778305003294
griffyo01w,0.6528102968055001,23.239009642786154
griffyo01w,0.522086713792863,18.585457728798275
griffyo01w,0.5448328184675864,19.395182925319205
griffyo01w,0.5292681635931308,18.84110593467719
groomla01w,0.3815461251484757,13.582436007646034
groomla01w,0.396316751449047,14.108246842292285
groomla01w,0.3457647018145329,12.308674172149349
groomla01w,0.3421276522951564,12.179200986346853
groomla01w,0.3251063691444098,11.573270342776372
grubigo01w,0.4219444385841051,15.020551797297253
grubigo01w,0.4114345028807796,14.646414780234526
grubigo01w,0.4977881199326179,17.72046638324568
grubigo01w,-0.02916665451389396,-1.0382865723978318
grubigo01w,0.17560971326592356,6.2514268539021085
grudasa01w,0.5789915844749668,20.61118073741821
grudasa01w,0.5640740671101967,20.08014081420816
hairska01w,0.3418918687910899,12.170807468120463
hallam01w,0.3653845802514827,13.007110680301446
hallvi01w,0.36603118949685987,13.030128942363131
hallvi01w,0.3684444280691366,13.11603640234946
hallvi01w,0.3560975320245909,12.676506514966013
hallvi01w,0.4736839612189678,16.86239662007119
hammobe01w,0.48359280857972686,17.21513584690692
hammobe01w,0.5050080693859763,17.977485115621793
hammobe01w,0.46676782296255204,16.616193083732707
hammobe01w,0.6642023087859024,23.644547174223376
hammobe01w,0.5258407033111443,18.71909379281436
hammobe01w,0.5222033854050561,18.58961105287123
hammobe01w,0.5833827806619766,20.767500346702327
hammobe01w,0.6502141258007054,23.14659007877195
hammobe01w,0.6553133455466544,23.32811420213011
hammobe01w,0.7158245880283642,25.48221831845718
hamzoro01w,0.3325580621957995,11.838538779141004
hardili01w,0.5350498249991724,19.046923897144712
hardili01w,0.3830795197448474,13.637022419633796
hardili01w,0.49757118511246917,17.712743848227525
harpela01w,0.45589284900191346,16.229061284536186
harpela01w,0.47499998967391327,16.90924514268843
harrido01w,0.13880594943194785,4.941271320489297
harrili01w,0.399333328008889,14.215632176294235
harrili01w,0.37846994121890776,13.472928745962152
harrili01w,0.3848720758078746,13.700834568182573
harrili01w,0.32482099851048934,11.563111601491348
harrili01w,0.20841750140008417,7.419331999606943
harrokr01w,0.46666660185186076,16.612589772971653
harrokr01w,0.3147609082170289,11.204988366485633
harrokr01w,0.31523045460460014,11.221703472055966
harrokr01w,0.31971153461885177,11.381222802818478
harrokr01w,0.3440384549223374,12.247222524756733
haydeva01w,0.5611428411102046,19.97579382456609
haydeva01w,0.6001680571400327,21.36502952759789
haydeva01w,0.5964622500834375,21.233108682684836
haydeva01w,0.7213815552177121,25.680037523714564
haydeva01w,0.5126393861472348,18.249147870743563
haynikr01w,0.3967741844061248,14.124530728978016
haynikr01w,0.4602941079770146,16.385739113092633
haynikr01w,0.30513760908004384,10.862414202851628
haynikr01w,0.3823045188826231,13.609433619949524
haynikr01w,0.4254658120828688,15.145907100505658
haynikr01w,0.4467948431541767,15.905186727623871
headde01w,0.2845637392910242,10.130017117885142
hendene01w,0.2586592034268601,9.207856787870359
hendetr01w,0.26011559190083283,9.259701904217197
hendetr01w,0.21333328592593645,7.594326120498049
henniso01w,0.2975510173719284,10.592343588580503
henniso01w,0.2692904626464472,9.586312729401797
henniso01w,0.20998080211169287,7.474983021794286
henniso01w,0.22705312912786815,8.082730745895983
henniso01w,0.214827578799049,7.647520573246939
henniso01w,0.19999960000080003,7.119668080782035
herriam01w,0.358064505628607,12.746527650929277
herriam01w,0.34709820653798645,12.356144822166181
herriam01w,0.3609665293320993,12.849835085200866
hibbeka01w,0.30916665378472274,11.005841794605969
hicksje01w,0.29936303825713134,10.656848653880825
hicksje01w,0.48421051569713774,17.237125239121127
hicksje01w,0.5532908587411708,19.69627572431264
hicksje01w,0.4806323920698659,17.109749721479705
hicksje01w,0.4509433840716069,16.052868194744445
hillec01w,0.20704224380083358,7.37037501353198
hillec01w,0.24999968750039064,8.899591775658026
hledeko01w,0.4704728896139228,16.74808757139583
hledeko01w,0.43076922130177536,15.334700044766663
hledeko01w,0.24341083384412138,8.665039051226094
hodgedo01w,0.252244887663474,8.979517335189183
hodgedo01w,0.3726457343401235,13.265596232244196
hodgedo01w,0.4127192891947525,14.69215113225814
hodgedo01w,0.38181806611573754,13.592116674129684
hodgedo01w,0.3321427978316432,11.82375602738271
hodgero01w,0.25904253941263083,9.221502940073144
hodgero01w,0.4110315127359382,14.632068971187481
hodgero01w,0.40543805421637297,14.432950732537165
hodgero01w,0.49999998175182553,17.799205150689463
hodgero01w,0.4763858040311995,16.958577932581115
hoffmeb01w,0.34041915148445656,12.118381071267615
hoffmeb01w,0.37565391598281866,13.3726827205302
hoffmeb01w,0.38907167580409313,13.850333657405802
hoffmeb01w,0.3867697528046435,13.768388854998525
hoffmeb01w,0.5054294125821381,17.99248426414387
hoffmeb01w,0.45681591585257786,16.261920998221
holdsch01w,0.6258178547673046,22.278121581005376
holdsch01w,0.6375384549996056,22.69535633228081
holdsch01w,0.8110409966712777,28.87177122445768
holdsch01w,0.777426152136855,27.675136152831424
holdsch01w,0.7124843856119304,25.36331241800768
holdsch01w,0.6097210430285627,21.705100651272417
holdsch01w,0.6568335499751887,23.382231065094114
holdsch01w,0.5933332937777804,21.121722808235795
holdsch01w,0.5865819126188996,20.88138436286948
hollake01w,0.4274089889999038,15.215081112211038
hollake01w,0.482494273655672,17.17602974852279
hollake01w,0.4015521019783581,14.294617005308075
hollake01w,0.5430835656616201,19.33291230393893
hollake01w,0.3604551869067541,12.831632107074585
hollake01w,0.4654911721538748,16.570746342775188
holliqu01w,0.4764976848733253,16.962560712849328
holmejo01w,0.45867156979071705,16.327979330899137
holmese01w,0.36108372605498884,12.85400710238053
holtam01w,0.45140055390195305,16.06914271453648
holtam01w,0.5405263015650974,19.241877764059502
hopeky01w,0.39999900000250005,14.239329041913788
hornbal01w,0.4787148530292524,17.041488377451742
hornbal01w,0.4079999952000001,14.524151762168746
houstch01w,0.6117039481634432,21.77568892442882
houstch01w,0.7290403948353485,25.952680048806098
humphta01w,0.6932659699237048,24.67916734602697
humphta01w,0.47971695850391705,17.077161740606062
humphta01w,0.5391176312024227,19.191731336679453
humphta01w,0.395522329026518,14.07996666591036
irvinsa01w,0.6114753597151343,21.76755153875878
irvinsa01w,0.49473671191139157,17.61184110454472
irvinsa01w,0.4249999667968776,15.12932374827275
irvinsa01w,0.37758617434601943,13.441468049062106
ivanyda01w,0.31697340865085055,11.283749867595303
ivanyda01w,0.2647058044982928,9.423106181595793
ivanyda01w,0.23050259565853387,8.205526275257084
ivanyda01w,0.3108695555630573,11.0664623930265
iveyni01w,0.2978813517248397,10.604102966841255
iveyni01w,0.30250568787002996,10.768721988317228
iveyni01w,0.3465437734785903,12.33640788591282
iveyni01w,0.317318418026904,11.296031653370118
iveyni01w,0.2999999705882382,10.67952243316529
iveyni01w,0.31710524229570775,11.288442935947735
jacksde01w,0.46923073641743096,16.703868890636123
jacksde01w,0.44233289066405124,15.746348306338103
jacksde01w,0.4088308406861836,14.5537285417624
jacksde01w,0.46588982063792755,16.58493759559445
jacksde01w,0.5109755941775733,18.189919519389793
jacksgw01w,0.4009230728110454,14.272224566101299
jacksgw01w,0.5330881960964562,18.977093024058206
jacksgw01w,0.314482747776457,11.195086296631153
jacksgw01w,0.3066115449081368,10.91488397713294
jacksla01w,0.6310689247645461,22.465051332110693
jacksla01w,0.7600906943300376,27.05802139053966
jacksla01w,0.8276825894708513,29.46418549462633
jacksla01w,0.746448591154686,26.572384186605767
jacksla01w,0.706037408962267,25.13381028965356
jacksla01w,0.9021226308711954,32.114132727960815
jacksla01w,0.9205882262687429,32.77147859337269
jacksla01w,0.7704610839991199,27.42719079043817
jacksla01w,0.7530249020993488,26.806490410427344
jacksta01w,0.3230088400292378,11.498601637990255
jacksta01w,0.38981899570545264,13.876937058851711
jacksta01w,0.19855069586221796,7.068089394886991
jacksta02w,0.6131085912693411,21.825691987864506
jacksta02w,0.36659959020926375,13.050363104877354
jacksta02w,0.6166184881991548,21.950638743447662
jacksta02w,0.4803757778666412,17.100614663450756
jacksta02w,0.46148147008687734,16.428007318198475
jacksta02w,0.3363635853994567,11.974009360500395
jacksta02w,0.6592591371742337,23.46857811657884
jacksti02w,0.46751053866011527,16.642632582836786
jacksti02w,0.5639112789534017,20.074345814398868
jacksti02w,0.49252524257524766,17.533116308874583
jacobam01w,0.32736572052773094,11.653699663270201
jacobam01w,0.36255229367045416,12.906285776819162
jacobam01w,0.4248548150423366,15.12415657637005
jacobam01w,0.33109755088117226,11.786546896215585
jacobam01w,0.14754095941951484,5.25222380136198
jacobam01w,0.22560972858417944,8.031347979237236
jamesta01w,0.4024999748437515,14.32835977371538
jamesta01w,0.5553615821605591,19.769990188907006
januabr01w,0.45988286295925535,16.371099443681747
jekaban01w,0.4708074461054744,16.759997251085732
joensca01w,0.5324723050748228,18.95516828196899
joensca01w,0.4025735146112679,14.33097767262844
johnsad01w,0.4545454504132232,16.181096034985934
johnsad01w,0.3295681008377392,11.732100904046911
johnsad01w,0.36746574713243585,13.081196915539135
johnsch01w,0.19111106864198474,6.803250482946169
johnsja01w,0.32302155949485184,11.499054430762522
johnsla01w,0.35592514852546475,12.670369936210971
johnsla01w,0.23815788429132084,8.47804239092836
johnsla01w,0.32676578710907855,11.632342986500063
johnsla01w,0.24121862934700256,8.58700005322499
johnsla01w,0.20277772145063294,7.218564791629618
johnsni01w,0.42564097107167037,15.15214248228456
johnspo01w,0.3333332748538114,11.866135118418901
johnspo01w,0.3201680403220134,11.397473680737642
johnspo01w,0.3785268367225115,13.47495413551766
johnspo01w,0.355769222217086,12.664819207305944
johnspo01w,0.23630571743275686,8.412108192744226
johnssh01w,0.5157193559882829,18.358789904862597
johnssh01w,0.49057324215830267,17.46362819458765
johnssh01w,0.6128828773614154,21.81765693126619
johnssh01w,0.5526648549894774,19.673990985096342
johnssh01w,0.4257861590588453,15.157310944011474
johnssh01w,0.4049818803896568,14.416711668892308
johnssh01w,0.5330663554569067,18.976315531981903
johnssh01w,0.4588550901814832,16.33451236530673
johnssh01w,0.44230768794568354,15.745451129596196
johnssh01w,0.3158576000670292,11.244028854360957
johnste01w,0.4988694707207661,17.7589607536868
johnste01w,0.531064349863065,18.90504731282564
johnste01w,0.4286407558912254,15.258930057004285
johnste01w,0.4419847215779969,15.733954039906138
johnste01w,0.5340732460147254,19.01215923649588
johnsti01w,0.3168850026654294,11.280602754938325
johnsti01w,0.3184523762135063,11.336398763634646
johnsti01w,0.3976687067770711,14.1563743045249
johnsti01w,0.2966573733521623,10.560531280940463
johnsti01w,0.3221212072405878,11.467003320629711
johnsti01w,0.3306376309387616,11.770174476802328
johnsvi01w,0.47321602665477985,16.845738892853085
johnsvi01w,0.49872203941723064,17.753712433460734
johnsvi01w,0.467412446815054,16.639140668961634
johnsvi01w,0.505278306091379,17.987105113090305
johnsvi01w,0.4058087541929512,14.446147062883727
johnsvi01w,0.4654936415885275,16.570834250726378
johnsvi01w,0.5010956125388883,17.838207866409604
johnsvi01w,0.4889671304111839,17.40645316753717
johnsvi01w,0.42186098181770204,15.017580868975983
johnsvi01w,0.4119402929180422,14.66442010216448
jonesas01w,0.44003267254848577,15.664464195089067
jonesas01w,0.5151069449852013,18.33698904590617
jonesas01w,0.4503576473482454,16.03201689777664
jonesas01w,0.5175886451405867,18.425333629506827
jonesas01w,0.6235521155269999,22.1974648629494
jonesas01w,0.6071125200943469,21.61224137819062
jonesas01w,0.7305295874295993,26.00569293972879
jonesas01w,0.6629986153645308,23.601697600368468
jonesch01w,0.37380351703265696,13.306811457077043
jonesch01w,0.4635258217773307,16.500782991131597
jonesch01w,0.44092525121262455,15.696238577760985
jonesch01w,0.5605261682825872,19.95384125142566
jonesja01w,0.30729612415038093,10.939253910771566
jonesla01w,0.3611110442386955,12.8549795863283
jonesme01w,0.47310126083226517,16.841653411865526
jonesme01w,0.4963927805972668,17.670794519263357
jonesme01w,0.47714807607725707,16.985713606628295
jonesme01w,0.34717261388135984,12.358793605401692
jonesme01w,0.43694389870514705,15.554508752472756
kellycr01w,0.5290381029212686,18.832916140187134
kellycr01w,0.4238094733560151,15.08694407275712
kellycr01w,0.3982332014758586,14.176469419158689
kingbsu01w,0.31176452249145736,11.098321794112604
kingija01w,0.4094399934489601,14.575413412539355
kingija01w,0.15333323111117925,5.458419473144301
kingija01w,0.29609372686767754,10.54046636138855
kingija01w,0.35826083841210105,12.753516786166788
klimezu01w,0.22820506969100776,8.123738000202044
klimezu01w,0.6666644444518518,23.73219529307634
koehnla01w,0.5386956287523639,19.176708719765802
koehnla01w,0.5068322666563809,18.04242364089433
koehnla01w,0.4073394121706961,14.500636055595217
koehnla01w,0.4784721889949868,17.032849923279297
korstil01w,0.3426666209777839,12.198387415350854
kostaan01w,0.2244360817881172,7.989568017517296
kostita01w,0.1891303936673057,6.732741599950553
kraayca01w,0.41989793776030926,14.947699618630821
kraayca01w,0.40398670648962676,14.381285058784872
kraayca01w,0.46163391456428227,16.43343409945137
kraayca01w,0.4752341261682193,16.917580029983455
kraayca01w,0.4136261214681743,14.724432920780108
kubikni01w,0.29473668698069105,10.492157896933184
kubikni01w,0.4095236145125645,14.578390189580025
lacyje01w,0.40158729361929973,14.295869771827215
lacyje01w,0.4223403806020872,15.034646704223348
lacyje01w,0.40280991069735683,14.339392997801804
lacyje01w,0.36132595686944874,12.862630134616019
lacyve01w,0.3277775956791135,11.668361764437174
lambesh01w,0.35624977734388913,12.681926206506656
lambesh01w,0.47807484074466094,17.01870495671542
lambesh01w,0.3312182699083976,11.790844301834774
lambesh01w,0.2953947174082423,10.515582734938867
lambmo01w,0.2914285506122464,10.374393496858406
langhcr01w,0.42722116394666987,15.208394838657114
langhcr01w,0.5220138151824895,18.58286265406109
larkier01w,0.4958208807217648,17.650435792100907
larkier01w,0.45766420017049636,16.29211857252459
lassiam01w,0.35530178865739337,12.648179315052076
lassiam01w,0.15652170510397712,5.5719240827176995
lassiam01w,0.3720216539346272,13.243379961097476
lassiam01w,0.35852659811014187,12.762977409284494
lassiam01w,0.3499111838381673,12.456282345921137
lassiam01w,0.35257731050058483,12.551192220229186
lassiam01w,0.46323906859589886,16.490575033351206
lattaiv01w,0.5171945467332785,18.41130435219233
lattaiv01w,0.5445833276605903,19.386301448881195
lattaiv01w,0.497142842938776,17.697495547222502
lawsoed01w,0.1973684037396137,7.026001673274388
lawsoed01w,0.21666648611126157,7.712982752642418
lawsoed01w,0.36411481511412364,12.961909058305658
lawsoed01w,0.44964284108418423,16.00657093017391
lawsoed01w,0.46380788226744624,16.510823896554992
lawsoka01w,0.443563063152626,15.79014049292611
lawsoka01w,0.4424425581324963,15.750252294019004
lawsoka01w,0.46397636881936294,16.51682175017929
lawsoka01w,0.45113484043878715,16.05968373730688
lawsoka01w,0.5989664005301499,21.32225246099671
lawsoka01w,0.5681543960415634,20.225394042972752
lawsoka01w,0.4723509855571028,16.81494480380655
lazicka01w,0.28363631206612505,10.097002181803589
lehnish01w,0.3214992882390483,11.44486399203068
lennobe01w,0.6733739768966059,23.97104399069222
lennobe01w,0.611618231883061,21.772637560998902
lennobe01w,0.6094664266873249,21.696036713956797
lennobe01w,0.27246374837219217,9.699276660793148
lennobe01w,0.5076785623628829,18.0725504237902
lennobe01w,0.4955434728745276,17.640560513373725
lennobe01w,0.5169999935375,18.404378567450802
lennobe01w,0.601234561153372,21.402995376438426
lennobe01w,0.6006403351052259,21.381841872992723
lennobe01w,0.6606930627654153,23.519623589978345
lennobe01w,0.5843749908691408,20.80282145405127
leslili01w,0.7332684753573105,26.103192999507343
leslili01w,0.7847047358692669,27.934242172407192
leslili01w,0.7186792385030262,25.583839341030018
leslili01w,0.7559343338897181,26.910061560824754
leslili01w,0.7380869501035917,26.274723046812515
leslili01w,0.6791970740949173,24.178337001547952
leslili01w,0.862991362770936,30.721121739674707
leslili01w,0.6850802579312535,24.387769001275792
leslili01w,0.7221003021614374,25.705623773253965
leuchye01w,0.4552630380886742,16.206641016416153
leuchye01w,0.26551714982167246,9.451988786367679
levanni01w,0.48805962864781666,17.37414754623656
lewista01w,0.456140270852584,16.23786910941534
lewisty01w,0.3054892528522852,10.874932162592659
lewisty01w,0.3296551496789552,11.735199704525874
lewisty01w,0.4457264766783557,15.86715457807732
lewisty01w,0.49643435175957296,17.672274386609843
lewisty01w,0.39156624147191316,13.939136232813562
lewisty01w,0.32777774135802873,11.668366950375159
lewisty01w,0.38168314942162623,13.58731385412092
liebena01w,0.0,0.0
littlca01w,0.3156118099070069,11.235279115077109
littlca01w,0.4036198912389189,14.368227018508799
littlca01w,0.5214932008711946,18.564329611522453
littlca01w,0.4383141720467992,15.603288306894205
lloydan01w,0.3168168073027986,11.278175108350142
lobore01w,0.21176468096886106,7.538486275597351
lobore01w,0.3901514855945844,13.888773170778057
lobore01w,0.30370369347799014,10.811369085049211
lovelst01w,0.3694444330418385,13.15163499097034
lovelst01w,0.4511848127400563,16.061462671856088
lovelst01w,0.39381442283983453,14.019167918501607
lovelst01w,0.478282820230929,17.026108696072072
lovelst01w,0.5152487878772265,18.3420384275591
lovelst01w,0.27904759247165783,9.933651052960048
lovelst01w,0.5395348628087262,19.20658411913342
lovelst01w,0.23863630940083874,8.495073564897035
luckepa01w,0.2874996406254492,10.234530542006729
luzhe01w,0.45828219921713303,16.314118356955536
luzhe01w,0.4814345889992704,17.138306657957376
luzhe01w,0.4896969400183672,17.43243323032375
lyttlsa01w,0.4532608597117205,16.13536664645555
lyttlsa01w,0.4610526194459837,16.412740916568765
lyttlsa01w,0.6039525572341391,21.499751719650366
lyttlsa01w,0.7218813758306467,25.697830343620268
lyttlsa01w,0.671321152832211,23.897966714704292
mabikmw01w,0.626276589082164,22.294451793961056
mabikmw01w,0.5480676262310673,19.510336943532387
mabikmw01w,0.6465714224136055,23.016915624259106
mabikmw01w,0.5306141983626278,18.88902263443045
mabikmw01w,0.5836269369572339,20.776191922995775
mabikmw01w,0.38228881792128566,13.608874690665308
mabikmw01w,0.4918998454801201,17.51085316566842
mabikmw01w,0.44908135893594014,15.986583057554332
mabikmw01w,0.3733944839940525,13.292250530610561
macchla01w,0.4670731593396791,16.62706257376231
macchla01w,0.49864861495617463,17.75109863927451
machacl01w,0.3695961907459337,13.157037324184282
machacl01w,0.38086206239892995,13.558084460327073
machacl01w,0.3915887758974585,13.939938422569307
mahonme01w,0.3099715011404131,11.034493082049481
mahonme01w,0.3305784850761582,11.768068978040903
mahonsh01w,0.26582276798590077,9.462868307570494
mahonsh01w,0.4923073136097588,17.52535838386142
maigaha01w,0.3162436387693585,11.257771218980235
maigaha01w,0.41210524146814514,14.670292008543964
maigaha01w,0.3881249919140627,13.81663321463285
maigaha01w,0.4399509696090449,15.661555700221873
maigaha01w,0.44487894888493573,15.836983934844216
maigaha01w,0.43025793223950465,15.316498966281069
maigaha01w,0.4449152466963518,15.838276079275207
maigaha01w,0.5433431872286512,19.342154419342492
malcona01w,0.41234041968311463,14.678663979439941
malcona01w,0.3106844689368202,11.059873603123949
malloso01w,0.30909083884299116,11.003142903104733
maltsev01w,0.4319501985072573,15.376740957418324
mannish01w,0.3831265413616243,13.638696314501944
mannkr01w,0.5345945656975911,19.030717389142023
mannkr01w,0.4005592796358023,14.25927410691151
mannkr01w,0.412925165386336,14.699479997664891
mannkr01w,0.2973094037080985,10.58374252592716
mannkr01w,0.1806451030177087,6.430678730855553
mannkr01w,0.37894732853186014,13.48992297602153
mapprh01w,0.5858644791370973,20.855844870488234
mapprh01w,0.4412658116135238,15.70836198708706
mapprh01w,0.39137253367166536,13.932240542810096
marcimi01w,0.4620111645807977,16.446863600815618
marcimi01w,0.5081632523427743,18.089804617193057
marcimi01w,0.3914285574489801,13.934234900294365
martima01w,0.40372806132175304,14.3720777016404
martima01w,0.2947368361389304,10.492163206729582
martinu01w,0.0,0.0
mascira01w,0.29224135411712465,10.403328010575466
mascira01w,0.35010798379896363,12.463288111928545
mascira01w,0.3713592142873977,13.21979816187485
matteca01w,0.2660713810586819,9.471718538064644
maxwemo01w,0.44703595289566617,15.913769851442325
maxwemo01w,0.26554620732999124,9.453023187508897
maxwemo01w,0.35941174356401506,12.794487181477864
mazzake01w,0.2669616440424294,9.503410486192857
mazzake01w,0.3889380358876975,13.84557628865568
mazzake01w,0.5653793025464925,20.126605122505094
mazzake01w,0.5106557272406613,18.17853276451218
mazzake01w,0.4193447672489116,14.92800762708078
mazzake01w,0.32517320265188915,11.575649509484332
mccaibr01w,0.2892857069059768,10.298111664606887
mccaiti01w,0.25747662348240075,9.16575882025689
mccaiti01w,0.2968325724698513,10.566768091244017
mccaiti01w,0.20196074471357947,7.18948171747588
mccanra01w,0.39917011619979015,14.20982209513586
mccarja01w,0.30096462054776146,10.713862439474894
mccarja01w,0.5166270661133714,18.391102943509523
mccarja01w,0.6079763573415605,21.642992612072856
mccarja01w,0.693872540516268,24.70076029564585
mccarja01w,0.6576650865841382,23.411832447560457
mccarst01w,0.4733858193167588,16.851783241920973
mccarst01w,0.49742062505117807,17.70738414919507
mccarst01w,0.47296359665574356,16.836752785847054
mccarst01w,0.34133332574814834,12.150924222981184
mcconsu01w,0.36539006573914806,13.007305954949189
mccouan01w,0.7693877446341804,27.388981613937936
mccrani01w,0.5435946410746211,19.35110577684988
mccrani01w,0.45483091238126916,16.19125802762075
mccrani01w,0.40519848388281204,14.424422409195772
mccrani01w,0.26907356581643643,9.578591546772211
mccrani01w,0.2256064629216587,8.031231726838673
mccrani01w,0.1847682058023773,6.577454640855729
mccrani01w,0.31744182355327627,11.300424694091705
mccrini01w,0.34467212408458764,12.269780140413118
mccrini01w,0.37371427503673504,13.303634583774157
mccrini01w,0.32443819313375866,11.54948433812757
mccrini01w,0.38294313100524646,13.632167197143797
mcculda01w,0.5210526201523549,18.548645637749914
mcculda01w,0.38555551271605415,13.725163836542984
mcculda01w,0.12325578528935224,4.387710176884427
mcculda01w,-0.06538459023669607,-2.3275875555818892
mcgheca01w,0.3308823448313151,11.778885902673833
mcgheca01w,0.19999997183098991,7.11968131734618
mcgheca01w,1.4249964375089064,50.72760971181787
mckivte01w,0.4812316574418869,17.13108261685089
mckivte01w,0.6103895311182427,21.728897765438937
mckivte01w,0.4339778885641468,15.448923502661904
mckivte01w,0.25999948000104,9.255568505016644
mcwilta01w,0.5539162062484864,19.718537102271462
mcwilta01w,0.5783758207896523,20.58926052829969
mcwilta01w,0.4211488140692216,14.992228828336911
mcwilta01w,0.5333672377073526,18.987026462176587
mcwilta01w,0.5316857852454917,18.927169425352435
mcwilta01w,0.5951985171265142,21.18812179673105
mcwilta01w,0.61385541552354,21.852277745058778
mcwilta01w,0.5435957632949969,19.351145726112726
mcwilta01w,0.5832432117165832,20.762531913937558
mcwilta01w,0.5370069543270656,19.11659459251464
mcwilta01w,0.49079456888764955,17.471507074597152
melvich01w,0.5511061885939581,19.618504937200637
melvich01w,0.5087533089024759,18.110809693472945
melvich01w,0.49270141713079224,17.53938784321641
melvich01w,0.5431668186317924,19.335875977438093
melvich01w,0.45515150963452716,16.202670780600247
melvich01w,0.4743101762672676,16.884688881111053
melvich01w,0.5493493438503569,19.55596405489959
melvich01w,0.46225087383058766,16.455396869354107
melvich01w,0.5707316377156538,20.317139752881218
melvich01w,0.5343873447379797,19.023340652129505
melvich01w,0.4351851794287675,15.491901139782303
mendigi01w,0.315384534516786,11.22718847218934
miaomi01w,0.26814812828532386,9.54564744062903
millebr01w,0.12499984375019532,4.449795887829013
milleco01w,0.28978100074591234,10.315743338584149
milleco01w,0.45176990650697013,16.082291080595628
milleco01w,0.5131040844507055,18.26569039222061
milleco01w,0.36091051238759003,12.84784097095362
milleco01w,0.45059999098800024,16.040643946413418
milleco01w,0.4493920904347707,15.99764460534697
milleco01w,0.35098900327496696,12.49465100586345
milleco01w,0.34211267123784966,12.178667684502635
milleco01w,0.41769040742775415,14.869115045231736
milleke01w,0.36355553939753155,12.941999731148197
milleke01w,0.521299629579429,18.557438781004127
milleke01w,0.4682600292875711,16.669313258683744
milleke01w,0.424817514372103,15.122828731758096
milleke01w,0.42970671305859304,15.296876438996836
milleke01w,0.5044225982257666,17.956643272280374
milleke01w,0.4876923030029587,17.361071336739453
milleke01w,0.44910052434814257,15.98726531578641
milleke01w,0.3300740691840879,11.750112573497104
millsta01w,0.5410169308129855,19.25934338596911
millsta01w,0.34639497346724224,12.33111084186268
millsta01w,-0.005882349480970899,-0.20940229800212476
millsta01w,0.4070270050255673,14.489514857455958
millsta01w,0.3999999215686428,14.239361848204654
miltode01w,0.5414038602095234,19.273117457887434
miltode01w,0.5299573504268938,18.865639891255196
miltode01w,0.5044513405336299,17.957666452786043
miltode01w,0.5346224628487803,19.031710483412542
miltode01w,0.40231787413381004,14.321877277690124
miltode01w,0.48793264276957304,17.369627050675383
miltode01w,0.6085925835764062,21.664929287219973
miltode01w,0.4935144566738435,17.568330759517504
miltode01w,0.5328740105032086,18.96946835715086
miltode01w,0.4328859018898763,15.41005051156886
mitchle01w,0.44729728866221463,15.923072989625872
mitchle01w,0.35894494589575815,12.777869925949059
moeggli01w,0.3631768821957805,12.928520136224735
moeggli01w,0.28009707378169546,9.971010920601895
moisead01w,0.44227638680679787,15.744336858770575
moisead01w,0.4151857768144463,14.779954173751761
moisead01w,0.2032257408949222,7.234513572212495
montaan01w,0.383431929974442,13.649567664039163
montgre01w,0.48664920828993186,17.323938821806724
mooreja01w,0.3851562199096703,13.710949646872177
mooreje01w,0.05918366139108951,2.1068443382300095
mooreje01w,0.11009173301910706,3.9190908258365456
mooreje01w,0.33292495661676946,11.851599637752654
mooreje01w,0.3654545371487605,13.009601034725044
mooreje01w,0.22103559155224622,7.868515966456971
mooreje01w,0.32593800447083193,11.602875239427938
moorelo01w,0.1961538353761629,6.982764968755211
moorelo01w,0.4113445334942801,14.643212012982463
moorelo01w,0.454342214494048,16.173861159083113
moorelo01w,0.374042022570556,13.315301875384193
moorelo01w,0.40712008068947847,14.492828203249866
moorena01w,0.30689651644867627,10.925028511327517
moorena01w,0.5143999588480033,18.31182146239828
mooreta01w,0.4493975362171643,15.997838466550105
mooreta01w,0.4024502235459384,14.326588706538166
mooreta01w,0.4378787215335271,15.587786960291057
mooreta01w,0.4263635976033093,15.17786683899135
mooreta01w,0.38036174727747424,13.540274036703494
mooreta01w,0.31458326779515255,11.198664649630777
mooreta01w,0.4758675003806388,16.940127145894365
mooreta01w,0.34152247953209414,12.157657797237896
moosca01w,0.16666638888935187,5.933058711667311
mosbybe01w,0.43512543243278023,15.48977424162725
mosbybe01w,0.3808742961270877,13.558519961617442
mosbybe01w,0.34970412131928275,12.44891124914683
moweje01w,0.37058801730116636,13.19234477413385
moweje01w,0.04374997265626709,1.5574295341323965
moweje01w,0.01428570748299644,0.5085484949853498
mulitna01w,0.34364259987482476,12.233130713841206
murphsh01w,0.55091741855694,19.61178502372501
murphsh01w,0.3975409510212335,14.151826402544248
murphsh01w,0.67999864000272,24.206871474658918
murphsh01w,0.2818179256200676,10.0322705126479
murphsh01w,0.703225768643776,25.0337203603231
nagyan01w,0.2995677190264017,10.664134964152037
nagyan01w,0.20046947415636274,7.136394854372236
nagyan01w,0.2442542727566193,8.69506413679315
nanch01w,0.36468748860351596,12.982295324893792
ndiayas01w,0.5173963074032684,18.418486711567443
ndiayas01w,0.5227820315138879,18.610209935224507
ndiayas01w,0.45257731375544696,16.111033496156207
ndiayas01w,0.31714281183674115,11.289780351933087
ndiayas01w,0.21756753816654892,7.745058774580095
ndiayas01w,0.3779527261454546,13.454516710891337
ndiayas01w,0.18448272681332298,6.567292042300053
ndongem01w,0.4126125754403085,14.688352292103998
nemcoev01w,0.49638825064586345,17.67063326018877
nemcoev01w,0.41061943268854584,14.617399576048017
nevescl01w,0.35959118931460393,12.800875165167303
nevescl01w,0.32407861611600447,11.536683967447443
nevescl01w,0.30463915955468246,10.844670191485694
newtoch01w,0.32391607938578915,11.530897918025024
newtoch01w,0.4103394998404398,14.607434411300613
newtoch01w,0.41637930436236625,14.82244185865926
newtoch01w,0.4241730171966153,15.099885656029667
newtoch01w,0.3720237984516727,13.243456302497947
ngarsch01w,0.4434782126654117,15.787119950357745
ngoyibe01w,0.824999312500573,29.36866509659998
ngoyibe01w,0.49043822747258053,17.45882188623319
ngoyibe01w,0.5869218407189499,20.893485263289676
ngoyibe01w,0.4243362644098998,15.105696997520818
nieuwma01w,0.21249986718758304,7.564657737214499
nnamach01w,0.29761901218821285,10.594764096037304
nolande01w,0.42623852428920134,15.173414427675484
nolande01w,0.4351989995622015,15.492393114580661
nolande01w,0.5261006234161361,18.728346535695124
nolande01w,0.5411247755612937,19.263182487708345
nolande01w,0.5549876293900443,19.75667806426304
nolande01w,0.5723345535631015,20.37420101097977
nolande01w,0.614808505405885,21.88620623098286
nolande01w,0.6270104840296287,22.320577288372498
nolande01w,0.6403414138334105,22.79513721454611
nygaava01w,0.3835112647270313,13.652391855216068
nygaava01w,0.3694980552317353,13.153543855757212
nygaava01w,0.3586907368241369,12.76882048678488
nygaava01w,0.32797617095379933,11.67543072879914
ogayu01w,0.3449999808333344,12.281451319901036
ohldeni01w,0.5259331971912261,18.722386428028045
ohldeni01w,0.4840077024662072,17.229905410248417
ohldeni01w,0.4981609138142424,17.733737253285927
ohldeni01w,0.5347071525519832,19.034725302325487
ohldeni01w,0.4923076835007571,17.525371551393423
ohldeni01w,0.4382636515027766,15.601489855773803
oneilkr01w,0.02903224869927461,1.0335019388874995
osipoir01w,0.1416665486112095,5.0431041074969665
owenhe01w,0.07499998750000209,2.6698804250642527
owenssh01w,0.3023140445898505,10.761899791948913
owenssh01w,0.09999983333361111,3.559835227000386
pageda01w,0.5499995416670486,19.579110064399984
pagemu01w,0.44359464203064397,15.79126465082368
pagemu01w,0.3728008051284044,13.271116505992648
pagemu01w,0.39666666137777784,14.12070307995838
pagemu01w,0.37576470146159174,13.376626507602934
pagemu01w,0.3572311451516546,12.716861341659062
pagemu01w,0.28404074220643905,10.11139925240217
pagemu01w,0.3598550672484773,12.810268800469641
pagemu01w,0.4027113173411273,14.335883230925662
pagemu01w,0.2744855854121158,9.77125084792967
paigeyo01w,0.36538456854043994,13.007110263406926
paliesa01w,0.2509803429450308,8.934501551814687
palmewe01w,0.5880743918153787,20.93451425161106
palmewe01w,0.4552995321766586,16.20794014798121
palmewe01w,0.4840517137057821,17.231472140469858
palmewe01w,0.4828343216999137,17.188134918765684
palmewe01w,0.432794447279574,15.406794872708547
palmewe01w,0.4941475764103362,17.59086881648963
palmewe01w,0.47970520998066657,17.07674351183969
palmewe01w,0.538333288472226,19.163809981333976
palmewe01w,0.46434598176485276,16.52997938394574
parisco01w,0.5556560960258803,19.78047441470679
parkeca01w,0.7885482345487085,28.07106462038428
parkeca01w,0.616196311457714,21.93560992203766
pascafl01w,-0.03333329629633745,-1.1866124015614754
pavlimi01w,0.22857131972794298,8.136775919765595
pavlimi01w,0.2620688751486637,9.329235685246019
payeka01w,0.22107842595396016,7.870040803119849
payeka01w,0.2823619588594792,10.051637231828876
payeka01w,0.2096491044167452,7.463175110722571
penicti01w,0.5133546953701421,18.274611742882314
penicti01w,0.44112902632891093,15.703492648224506
penicti01w,0.4975380949878301,17.711565892350706
penicti01w,0.4043158824213417,14.39300319909107
penicti01w,0.40432989273886716,14.393501944140995
penicti01w,0.3919093808855514,13.95135145089664
penicti01w,0.3821512957192518,13.603979118713088
penicti01w,0.45852046950435316,16.322600400712187
penicti01w,0.557593451429983,19.849441189798668
penicti01w,0.41726518760683445,14.853977895025906
pennjo01w,0.42083331872106533,14.980997695075173
pennjo01w,1.4333285555714814,51.02421988011414
perkiji01w,0.4294115121108753,15.286367754155096
perkiji01w,0.45431033503641527,16.1727263010287
perkiji01w,0.5045184244409224,17.960054533329615
perkiji01w,0.6719160016808924,23.919142388859786
perkiji01w,0.6876269557929182,24.47842739997768
perkiji01w,0.6659505836095534,23.70678298098666
pettibr01w,0.44013721371977343,15.668185694733774
pettibr01w,0.49496980895432985,17.620138989022117
pettibr01w,0.3533333239111114,12.578105096792678
pettibr01w,0.4168918637235227,14.840688157767444
pettibr01w,0.44328351592783344,15.780189055756141
philler01w,0.46325202498777196,16.491036260321962
philler01w,0.6011627207950324,21.400437973792716
philler01w,0.49986485810993436,17.794394963668452
phillta01w,0.5710633888439326,20.328949566094646
phillta01w,0.5878932260448692,20.928065037944524
phillta01w,0.5604558913730834,19.95133950507513
phillta01w,0.5262342640248378,18.73310392909024
phillta01w,0.4057877683026441,14.44539999852277
phillta01w,0.40901638226731196,14.560333527336432
phillta01w,0.3283783635865602,11.689748147682886
phillta01w,0.32285705061227127,11.493198175848466
pierspl01w,0.41328902967958425,14.712432988542702
pierspl01w,0.4579078398766147,16.300791759065238
pierspl01w,0.46486485439493574,16.548450425399718
pierspl01w,0.3814465288853294,13.57889053887667
pierspl01w,0.5242477783318977,18.662388193754275
pierspl01w,0.60384614680832,21.495963677513462
pierspl01w,0.7263482168513373,25.85684278882922
pierspl01w,0.39999920000160005,14.23933616156407
pondeca01w,0.7168697214913803,25.519423409651175
pondeca01w,0.6859213179511251,24.417709402043986
pondeca01w,0.8084830258634429,28.78071152677808
pondeca01w,0.7739534811725258,27.551514582489816
potthan01w,0.19999975000031253,7.119673420526421
powelel01w,0.34236310252555907,12.18758264056018
powelel01w,0.4494786687253207,16.000726654969647
powelel01w,0.572544066182769,20.381659327450212
powelel01w,0.40389609078259453,14.37805928354846
powelel01w,0.4786780332763536,17.04017765273302
powelel01w,0.3784210476523547,13.471188212655374
powelel01w,0.3815201135391936,13.581510035672416
powelel01w,0.4235059592228702,15.076139451718833
powelel01w,0.24749997937500173,8.81060613692909
powelel01w,0.32074302412560307,11.4179421908415
powelel01w,0.3329073376067943,11.850972428983564
powelni01w,0.4434895717841258,15.787524316941148
powelni01w,0.49291497476806706,17.54699015588857
powelni01w,0.5048532674395794,17.97197441221738
powelni01w,0.5814401563748463,20.69834600774376
powelni01w,0.5872881293719477,20.90652455752372
powelni01w,0.6738164186104695,23.986794212931603
pricear01w,0.5043672955837929,17.95467458606879
pricear01w,0.46173000705465256,16.4368548394753
pricear01w,0.24081630195752013,8.572677837216004
pricear01w,0.3879629509887978,13.810864815079128
pridely01w,0.3746753165654694,13.337846135679301
pridely01w,0.3683029401360037,13.110999656669279
pridely01w,0.35636671720939356,12.686089079971401
pridely01w,0.03571427295918821,1.2713713888170384
pridely01w,0.33787873668503987,12.027946339601748
pringla01w,0.5713527699906428,20.339251075264688
pringla01w,0.40691821340137013,14.48564204843909
queenbr01w,0.0999999000001,3.5598376002214978
queenbr01w,0.016666662037038312,0.593306695202434
quiglal01w,0.396999960300004,14.13256799217782
quiglal01w,0.24687492285158655,8.788355117534921
quinnno01w,0.3774626809333928,13.437071879729462
quinnno01w,0.37429642824959797,13.324358313460257
quinnno01w,0.4863293812020519,17.312553485491357
quinnte01w,0.2813559083596688,10.015823432045645
radunha01w,0.5111105432105075,18.194723490609288
raglafe01w,0.43564813806370056,15.508381731822698
raglafe01w,0.1692307258382754,6.024345033857694
raglafe01w,0.34758219830595366,12.373374160333574
raglafe01w,0.11111098765445816,3.9553746718715845
randase01w,0.3940045204298131,14.025935090753944
randase01w,0.40087335369272153,14.270454644462788
randase01w,0.5103703325651605,18.168373167385084
randase01w,0.3064896664752311,10.910545298513128
randase01w,0.39480518625962796,14.054437522518223
rasmukr01w,0.45903082689359415,16.340768313117792
rasmukr01w,0.22222197530891633,7.910749343743169
rasmukr01w,0.2995192235692494,10.662408602907572
rasmukr01w,0.38501483108286605,13.705916429219874
rasmukr01w,0.40921375418656325,14.567359654156338
rasmukr01w,0.3602601104008654,12.824687693324353
rasmukr01w,0.3551722913198996,12.643569415530791
rasmukr01w,0.35670497400948326,12.698130484767692
rasmukr01w,0.36475770523394596,12.984794925405046
rasmukr01w,0.31666666060025556,11.272830124232543
rasmukr01w,0.36463103397885416,12.980285629928325
raymost01w,0.4388888645061742,15.623746445606795
reddja01w,0.41782944656771454,14.874064617764638
reddja01w,0.4358118295020967,15.514208887022216
reddja01w,0.5455356655771727,19.420203166018545
reedbr01w,0.7070642136966585,25.170362907221868
reedbr01w,0.29999976923094673,10.67951526516555
reedbr01w,0.4776470026297644,17.003474599402914
reidtr01w,0.41935483194588985,14.928365914306445
reidtr01w,0.37086329601211165,13.20214425899096
reidtr01w,0.35938241426645096,12.793443105071221
reidtr01w,0.3916663402780498,13.942699591315142
rileyru01w,0.3897371665865185,13.87402407219498
rileyru01w,0.409633903475262,14.582316301469133
rileyru01w,0.478291452479483,17.026415990409138
rileyru01w,0.49845708294641206,17.744280403956296
rileyru01w,0.4152046735063781,14.780626865969039
rileyru01w,0.4318857093498776,15.374445245850145
rileyru01w,0.37153945185589327,13.226214333024044
rileyru01w,0.3879310277942926,13.809728400061527
rileyru01w,0.41692307050887584,14.841799069757176
rizzoje01w,0.24759724833873573,8.814068757536056
rizzoje01w,0.3483193204134597,12.39961453651647
rizzoje01w,0.3841726563428395,13.675936346184788
rizzoje01w,0.2232380909859411,7.946921447847711
robinas01w,0.2961538233727828,10.542605701513043
robinas01w,0.3104704050004491,11.052253267008167
robinas01w,0.3516128748699294,12.51685984368684
robinas01w,0.25583755046509893,9.107410424343557
robinas01w,0.2909535381184954,10.357483806590436
robinas01w,0.23768996238024429,8.46138511414092
robinas01w,0.1688622653375889,6.011228425295697
robincr01w,0.4387811573576017,15.619912242199584
robincr01w,0.483469382821741,17.210742085972026
robincr01w,0.47134831019336787,16.779251153506543
robincr01w,0.4584415541888539,16.319791140829455
robincr01w,0.48146066874763294,17.139235055574026
robincr01w,0.33188854146657853,11.81470490464707
robincr01w,0.3881705586221381,13.818255317062201
robincr01w,0.1941175899654147,6.910277866503582
robinre01w,0.7999984000032001,28.47867232312814
rolanja01w,0.20751443887199775,7.387184408031052
rossad01w,0.32857095918434404,11.696604245045258
rushle01w,0.08333326388894677,2.966531827939392
salesny01w,0.5526633110285095,19.673936022538314
salesny01w,0.5480269437148514,19.508888710575185
salesny01w,0.5157389585821597,18.35948772606786
salesny01w,0.6150994519430429,21.896563465566373
salesny01w,0.6156021841642138,21.914459934100492
salesny01w,0.6188081879068139,22.028588574922605
salesny01w,0.6272577893717933,22.3293809657339
salesny01w,0.6006561600963759,21.38240521754126
sampsch01w,0.40785712829081683,14.519065927131537
samsh01w,0.5340707905523142,19.012071825934296
samsh01w,0.5140909044173554,18.300819615569093
samsh01w,0.577539603191616,20.559492510057133
samsh01w,0.5445960068772717,19.386752808855395
samsh01w,0.43860510374651174,15.613645013288233
samsh01w,0.45460464693391034,16.183203337094678
samsh01w,0.511919186748291,18.22350991610546
samsh01w,0.41472080516546866,14.763401921608851
samsh01w,0.3345188214535812,11.908338694249187
sanchis01w,0.3016128545785719,10.736938541317194
sandeam01w,0.0666665925926749,2.373224803122951
sanfona01w,0.3940298213410581,14.026835763006313
sanfona01w,0.38499233713641134,13.705115680455458
sanfona01w,0.40102387709816123,14.275813038605154
sanfona01w,0.4548022547479971,16.190237861396035
sanfona01w,0.48048289255047394,17.1044277760543
sanfona01w,0.3857861586693565,13.733374466122653
sanfona01w,0.4043740512160777,14.395073915788391
sanniol01w,0.36799998867692346,13.100215065933941
sanniol01w,0.4996644127629392,17.787259427702693
santoal01w,0.17272711570262209,6.148810959364842
santoal01w,0.30322575754423264,10.794355324960598
santoke01w,0.4150326526122449,14.774503195375786
santoke01w,0.37514790679598187,13.354669597223504
santoke01w,0.45074623501893774,16.04585000162086
sarenra01w,0.4887323599484254,17.398095711972232
sauerpa01w,0.393939334251616,14.023614566351814
sauerpa01w,0.7499981250046875,26.698741953588353
sauerpa01w,0.14285693877580175,5.085480106541416
saundja01w,0.38023713912106166,13.535838184262728
saundja01w,0.43178806517258067,15.37096926823633
saureau01w,0.27032966438835904,9.623306660746426
saureau01w,0.25151513627180994,8.95353934478262
schumke01w,0.4347368306648202,15.475940635942692
schumke01w,0.44005680568020444,15.6653232962452
schumke01w,0.5285416556553821,18.815243406078118
schumke01w,0.4718801918156374,16.798185294418882
schumke01w,0.35038759010876763,12.47324165243107
schumke01w,0.42486084554989156,15.124371252860152
schumke01w,0.4174953882597535,14.862172672619245
schumke01w,0.2651685095316281,9.43957774582213
schumke01w,0.0999999000001,3.5598376002214978
schwege01w,0.33569739159107825,11.950293919103972
schwege01w,0.33811394227673985,12.036319285065844
schwege01w,0.2220338794886543,7.90405343131313
scottol01w,0.37994578916136074,13.525466588477478
scottol01w,0.45303225221893867,16.127228582832526
scottol01w,0.432102559670743,15.382164772828034
scottol01w,0.25050250626878123,8.917491325135696
scottol01w,0.2570588084083053,9.15088526727631
scottol01w,0.4031446287330422,14.351308428206272
scottol01w,0.4062498730469146,14.461850193411898
scottol01w,0.3840579153539253,13.671851749233962
shakiel01w,0.5059999662666689,18.012795069046028
shakiel01w,0.3078817582324257,10.96010155387153
shakiel01w,0.5399989200021601,19.223103818111497
sharpkb01w,0.33417084587510437,11.895951316379616
sharpkb01w,0.23874999005208372,8.499120415511078
sharpkb01w,0.3090322381269524,11.001056810695097
sharpkb01w,0.3493391993537621,12.43592060681613
sharpkb01w,0.25802675153801424,9.185342505213653
sharpkb01w,0.2744615300165683,9.770394514057754
shielas01w,0.45888156385258017,16.335454785947018
shielas01w,0.45227262448349437,16.100187042042954
shielas01w,0.24999979166684028,8.899595483818175
slaisma01w,0.7571417755117493,26.953044564669508
slauggw01w,0.4714278979601458,16.782084351586672
slavtge01w,0.0,0.0
smithai01w,0.3220379070607131,11.464037966540129
smithai01w,0.4196029672555095,14.937199137190925
smithbr01w,0.4537313094230366,16.15211390891636
smithbr01w,0.25624998220486234,9.122092339172804
smithch02w,0.36176023730257606,12.878089828224569
smithch02w,0.37418878504146336,13.320526386231073
smithch02w,0.3807865125754325,13.555395006613859
smithch02w,0.28939051265484167,10.301842582793086
smithch02w,0.3661207741441067,13.033318013508918
smithch02w,0.3436293403124581,12.232658694482435
smithch02w,0.2531791761168106,9.012776520104739
smithch03w,0.2164728640218437,7.706090113808354
smithch03w,0.1913412531181451,6.811444684672591
smithch03w,0.1529410865052432,5.444459748055238
smithcr01w,0.45279185518823073,16.118670830385824
smithcr01w,0.3568081938973911,12.701804948822803
smithcr01w,0.0,0.0
smithcr01w,0.3581632561693047,12.750043013322815
smithje01w,0.0,0.0
smithka01w,0.6287510425083735,22.382538405513756
smithka01w,0.650405181115031,23.153391344489794
smithka01w,0.5247803117330376,18.681345536959117
smithka01w,0.6121518935683384,21.791635069326873
smithka01w,0.6174999922812501,21.982018888589693
smithka01w,0.3903553200417431,13.896029353326393
smithka01w,0.47167101211917734,16.79073882948581
smithka01w,0.44784520274542483,15.94257786068175
smithka01w,0.5193824998337694,18.489192007226396
smithka01w,0.5418402730743033,19.28865306267566
smithka01w,0.4810961914866198,17.126260244017423
smithki01w,0.31022363226122585,11.043468549465493
smithki01w,-0.06666655555574075,-2.3732234846669242
smithki01w,0.3090908874761617,11.003144634368356
smithla01w,0.5833328472226273,20.76572279557574
smithta01w,0.5868108044669101,20.88953254908698
smithta01w,0.5426535028217819,19.31760274995225
smithta01w,0.5661335788698628,20.15345616152501
smithta01w,0.5897565863107851,20.994397703650787
smithta01w,0.5504405225722409,19.59480828417102
smithta01w,0.49633113361870995,17.668599984746756
smithta01w,0.584567895220495,20.809688542550322
smithta01w,0.55932835299134,19.911200929666364
smithta01w,0.5454293553264633,19.41641868995643
smithta01w,0.5281521681722591,18.801378270340624
smithty01w,0.4285708163274053,15.25644031962425
smithwa01w,0.0,0.0
snellbe01w,0.435398210823088,15.499484719041172
snellbe01w,0.544399978224001,19.379774500170754
snellbe01w,0.5119533378439262,18.22472564086449
snellbe01w,0.4600361580463624,16.37655650528893
snowmi01w,0.42104165789496545,14.988414238740196
snowmi01w,0.48224389773420584,17.167116763415564
snowmi01w,0.4428891327783972,15.766149642074174
snowmi01w,0.5421324995638458,19.29905586153099
snowmi01w,0.5868341649564406,20.890364145408473
snowmi01w,0.5327354200365985,18.964534756676553
snowmi01w,0.5408878441485065,19.25474810575484
snowmi01w,0.5059642046527991,18.011522012395993
spencsi01w,0.5224637618059933,18.598880039162875
spencsi01w,0.4807095237093232,17.112495485328534
spencsi01w,0.3711764596712806,13.213292387828405
spornra01w,0.2792452724813105,9.940688147308872
stafftr01w,0.4309588923024962,15.341452031119019
stafftr01w,0.2105262603878262,7.49440047001903
staleda01w,0.40991810364041764,14.592433375925298
staleda01w,0.3955729132328741,14.081767383308714
staleda01w,0.40527803576552274,14.42725432986011
staleda01w,0.4060773443270963,14.455708445030883
staleda01w,0.40787401217957997,14.519666966753146
staleda01w,0.4001461929803189,14.2445688781229
staleda01w,0.280090485063779,9.970776372709583
staleda01w,0.3684675798775287,13.1168605699539
stansti01w,0.5869562665407537,20.894710767863938
stansti01w,0.4553775639501702,16.210717955172598
starbka01w,0.46088233938581363,16.406679216899455
starbka01w,0.44580643723205043,15.870001046779558
starbka01w,0.38118277520522714,13.56950132681122
starbka01w,0.5238635768336845,18.648711230683315
starbka01w,0.2829059587259864,10.071002762987467
stedika01w,0.4048543558299562,14.412171997126901
stedika01w,0.36412212813938605,12.962169390388995
stepama01w,0.4494117382698978,15.998344037068886
stepama01w,0.6364417099823104,22.656313951734237
stepama01w,0.6273838477412264,22.333868443454676
stephst01w,0.23611104552470955,8.405178182034485
stevema01w,0.21969111120883744,7.820654601803401
stevema01w,0.14339619935920767,5.104676926749475
stevema01w,0.2222220987655007,7.910753738601474
stileja01w,0.512903220792735,18.258539965048573
stileja01w,0.35654449328417565,12.69241762585423
stinsan01w,0.6525378392472142,23.2293105864826
stinsan01w,0.5832007894314037,20.761021747968698
stinsan01w,0.5935789411202217,21.13046746344061
stinsan01w,0.5051999949480002,17.984317360775393
stinsan01w,0.3741312693161999,13.318478917769637
stinsan01w,0.3921568242983505,13.96016004335332
stiresh01w,0.3470085173496994,12.352952029525415
stiresh01w,0.3487562015544178,12.415166811192831
stiresh01w,0.42727253305793955,15.210223497423648
stockta01w,0.3272724297523366,11.650378659849176
streiju01w,0.47948112076695476,17.068766291774725
streiju01w,0.5115982954512264,18.21208669563351
streiju01w,0.3893585949073092,13.860547521738159
strotan01w,0.597435744247245,21.267763528618833
strotan01w,0.4942028269271265,17.592835647127476
strotan01w,0.3556249777734389,12.659684334229896
summela01w,0.3720929367225728,13.245917515122802
summela01w,0.28579386390546346,10.17380760022997
sun-mju01w,0.29152539902327124,10.377841146456932
suttota01w,0.4752491615407117,16.918115265362005
suttota01w,0.5657627054716079,20.140253657642223
suttota01w,0.4635416613016012,16.501346853036132
suttota01w,0.47371133532256354,16.86337109467819
suttota01w,0.46144306131405793,16.426640026894574
suttota01w,0.5572499930343751,19.837214616464138
suttota01w,0.6018604581179016,21.42527631420131
suttota01w,0.52468618698027,18.67799484526829
suttota01w,0.5294117569204153,18.846217629044965
swanike01w,0.31471860109443284,11.203482300121822
swanike01w,0.35489689806966757,12.633765853257009
swoopsh01w,0.8022935706211599,28.560376751479858
swoopsh01w,0.6779895955113553,24.135352681931415
swoopsh01w,0.6371771158932,22.682493234043594
swoopsh01w,0.5748598077115906,20.464096047553788
swoopsh01w,0.6706122394235736,23.872730523394438
swoopsh01w,0.5981098055975715,21.291759042011805
swoopsh01w,0.3518867592559661,12.526609692791947
swoopsh01w,0.47337109811089095,16.85125919037523
tateso01w,0.36489357820281076,12.98963178727609
tauradi01w,0.6583185782449683,23.43509571268024
tauradi01w,0.6255280016021303,22.267803268727768
tauradi01w,0.8989583255298755,32.00148848399056
tauradi01w,0.773365846113504,27.530595707787818
tauradi01w,0.9344413579460632,33.264628076779125
tauradi01w,0.8172131063810133,29.091488526348854
tayloli01w,0.26538451331364876,9.447267137361784
taylope01w,0.5882352836321697,20.940241744728354
taylope01w,0.5691629893263987,20.26129836186391
taylope01w,0.5879732673945071,20.930914382854002
taylope01w,0.5291821512157793,18.838044030665486
taylope01w,0.5859154860808042,20.857660636664804
taylope01w,0.7158581955996606,25.48341469461308
taylope01w,0.7845544476776787,27.928892151504325
taylope01w,0.6678444993694523,23.774203373744385
teaslni01w,0.38775509764450006,13.803465566176259
teaslni01w,0.518502939289294,18.457881048936525
teaslni01w,0.48542985986036336,17.280531954526413
teaslni01w,0.3798548025434699,13.522227609403656
teaslni01w,0.5711794813212362,20.33308227388543
teaslni01w,0.37198390922273583,13.24203630930782
teaslni01w,0.3329059686792321,11.850923697336754
teaslni01w,0.29099097788328926,10.358816602747797
teilaza01w,0.4238094834467159,15.086944431970041
terryka01w,0.4490565190459398,15.985698796925988
terryka01w,0.18888885390947147,6.7241431682332635
terryka01w,0.42181816647933945,15.016056710938134
terryka01w,-0.0041666649305562645,-0.14832665319968974
thomaca01w,0.46557373233002197,16.573685353907493
thomach01w,0.450091399449883,16.022538895502944
thomach01w,0.3584615315680475,12.760661143737591
thomach01w,0.4491651122603876,15.98956454287093
thomach01w,0.5782812409643556,20.585893636749663
thomach01w,0.33333331236897407,11.866136453899102
thomach01w,0.21969693640955507,7.820861969696203
thomala01w,0.5345070359799644,19.027601470226664
thomala01w,0.5421161769490024,19.298474802369398
thomala01w,0.4289108825958241,15.2685461386189
thomala01w,0.5647696323910669,20.10490183337166
thomala01w,0.5258726791401914,18.720232081538047
thomala01w,0.28249992937501767,10.056548763029761
thomala01w,0.3040816119672373,10.824822382980905
thomast01w,0.37311702928021984,13.282373583507022
thomast01w,0.3230024134866244,11.498372863281134
thomast01w,0.43446054050788185,15.466105145214808
thomast01w,0.3756097102914987,13.371109068135503
thomast01w,0.4122994431925431,14.677205281462626
thomast01w,0.0,0.0
thomast01w,0.2857142642320102,10.170973978291107
thomast01w,0.3333322222259259,11.86609764653817
thompal01w,0.49532827657413797,17.632899866897528
thompal01w,0.6097112700863183,21.704752750051853
thompal01w,0.3802547649600394,13.536465636133462
thompal01w,0.3868131655597162,13.76993428012232
thompal01w,0.31762916967692495,11.307093918513125
thompti01w,0.622539092708932,22.16140285971103
thompti01w,0.63929219020606,22.75778651999862
thompti01w,0.5626425802030173,20.02918215408553
thompti01w,0.5709445526597069,20.324719186695535
thompti01w,0.6444326548840651,22.940778897424543
thompti01w,0.41435078782800033,14.750229892130298
thompti01w,0.6721264271246202,23.92663320041685
thompti01w,0.6221231716197474,22.146596729584868
thompti01w,0.5852886351462884,20.835345739085692
thompti01w,0.46793569824081477,16.65776758858646
thorbsh01w,0.2411347346712954,8.58401353602807
thorbsh01w,0.03749995312505857,1.334938766348703
thorner01w,0.31215467888648185,11.112210742051287
thorner01w,0.2589743423734396,9.219075233802071
thorner01w,0.3536945638574106,12.590964665087613
thorner01w,0.529100515103161,18.835137914727028
thorner01w,0.4132502784456367,14.711053506166607
thorner01w,0.34947367501385074,12.440707726714226
thorner01w,0.47504331932333943,16.91078760938321
threaro01w,0.45782492154310556,16.297839998099743
tilliic01w,0.37247385461763566,13.259477587137278
tilliic01w,0.44492185762024,15.83851141766484
tilliic01w,0.03461537130178028,1.2322522353080592
tilliic01w,-0.4624994218757227,-16.46424478496735
timmsmi01w,0.29886361938274886,10.639070135229455
timmsmi01w,0.4507352830702137,16.045460129642354
tolivkr01w,0.6178756316612531,21.995391053852433
torniel01w,0.5010356674219141,17.83607391546211
torniel01w,0.47786357171346755,17.01118411478454
torrele01w,-0.24999968750039064,-8.899591775658026
traviti01w,0.4109756025962438,14.630078659021994
tremich01w,0.294654078784463,10.489217176362276
turneba01w,0.4376205717424345,15.578597237773137
turneba01w,0.45323192193034517,16.134336507403344
turneba01w,0.5318250296858971,18.93212630625508
turneba01w,0.34097219854359734,12.138068668113405
tuvicsl01w,0.3141538364875743,11.183377577189425
tuvicsl01w,0.3353124895214848,11.936592016804665
tuvicsl01w,0.4506849191593173,16.043667254412448
tuvicsl01w,0.2762662767544678,9.834640631268325
udokamf01w,0.37091631988381196,13.204031824600406
udokamf01w,0.08947363711913835,3.185119361569002
ujhelpe01w,0.041176464532872846,1.4658167326983438
umoh-it01w,0.0,0.0
valdeam01w,0.44736839489073715,15.925604258416183
vangomi01w,0.3517587762935288,12.522053702617242
vangomi01w,0.24773661531948085,8.819030000680153
vangomi01w,0.40284089764656544,14.340496083973978
vangomi01w,0.39943181061682176,14.219138000706927
vangomi01w,0.35303024954087125,12.567316130615279
vaughki01w,0.4757575637434959,16.936213576235367
vaughkr01w,0.15512818523997626,5.522316989025398
vealkr01w,0.3337385967516931,11.880563934170427
vealkr01w,0.26731301198578916,9.515918626863833
vilipda01w,0.049999958333368066,1.7799190967636354
vodicka01w,0.4709611355631669,16.76546835165934
vodicka01w,0.47728393883249537,16.990550104910458
vodicka01w,0.5118726987530882,18.221855017317743
vodicka01w,0.5188998516375197,18.47201049807802
vodicka01w,0.4300114498280475,15.307724583945712
vodicka01w,0.5393422589605085,19.19972772806871
vodicka01w,0.5183423842616524,18.45216554497799
vodopna01w,0.39999995918367764,14.239363187240148
walkeas01w,0.3699999588888934,13.171410828728568
walkeay01w,0.4631386776799511,16.48700127620434
walkeay01w,0.3797047830367239,13.516887153254393
walkeay01w,0.24189187554784622,8.610966548591158
walkeay01w,0.28260866493384074,10.060419576208364
walkeay01w,0.3838174114598584,13.663290192621425
walkeay01w,0.43480660581178976,15.478424520344005
walkeay01w,0.15813949810709346,5.629514943927191
walkede01w,0.40418005131253854,14.38816782737173
walkede01w,0.4579124424945306,16.300955604952247
walkede01w,0.5037735789649342,17.933539217496552
walkede01w,0.5433783710354274,19.343406906977787
walkede01w,0.44649320761885514,15.894448981684128
walkede01w,0.6436454741865305,22.91275651494967
walkede01w,0.6406392547799258,22.80573987915167
walkede01w,0.5266666165079412,18.748494990740294
walkede01w,0.19999996153846888,7.11968095094878
walkede01w,0.4576126619048397,16.290283892130564
walkema01w,0.19090891735552964,6.7960542182453505
walsema01w,0.42499946875066413,15.129306018618646
walsema01w,0.21249997956730962,7.56466173775426
washico01w,0.30042371608374085,10.69460709972809
washico01w,0.3508390883431482,12.48931427241549
washico01w,0.23810887569888609,8.476297762882902
washico01w,0.4359999865846158,15.520906980291299
washico01w,0.30603447396452665,10.894341168159563
washito01w,0.34563103440475396,12.303915824678453
washito01w,0.3675595128702526,13.08453482686797
washito01w,0.3408934590758262,12.135265668130478
washito01w,0.3561983176695605,12.680094323839073
washito01w,0.23762373884913476,8.45902766162284
wautean01w,0.4607023334330714,16.40027129090318
wautean01w,0.4778134971412621,17.00940153955245
wautean01w,0.48753116599088325,17.355335115059503
wautean01w,0.40590404406258146,14.449539230884191
wautean01w,0.5324232021339795,18.953420295270053
wautean01w,0.6341836669981259,22.57593120817141
wautean01w,0.5488120831790048,19.536838428383984
weathte01w,0.40176251946416963,14.302107533575954
weathte01w,0.4466119050655862,15.8986744222488
weathte01w,0.3050314433434859,10.858634871263758
weathte01w,0.3091019379963357,11.003538015333909
weathte01w,0.16130136433899436,5.742072359476409
webbum01w,0.2584615252071013,9.200819757238913
weberma01w,-0.17499956250109375,-6.229706455837282
weckeke01w,0.5454540495872277,19.41729776641529
weckeke01w,0.437716255402833,15.582003424099453
weckeke01w,0.34246570651154706,12.191235179485242
weckeke01w,0.2687499440104283,9.567071124519007
whaleli01w,0.4264270568030966,15.180125885705223
whaleli01w,0.5616045791632801,19.992230965831126
whaleli01w,0.5219512134500439,18.58063413182258
whaleli01w,0.6594230705824705,23.47441388552034
whaleli01w,0.7207048378777001,25.65594746130756
whaleli01w,0.622799993772,22.170690523141154
whitede01w,0.30666665936507953,10.916845964256328
whitede01w,0.3355555182716091,11.945243454282368
whiteer01w,0.38896712701955105,13.84661188674133
whiteer01w,0.47777751234582644,17.008120537993168
whiteta01w,0.41313130716982244,14.706818317721522
whiteta01w,0.5052348925471827,17.985559659874966
whiteta01w,0.4958382818568575,17.651055244870257
whiteta01w,0.47102907750526757,16.767886976879183
whiteta01w,0.5933232079920606,21.121363770284425
whitiva01w,0.2898268335535318,10.317374913734596
whitiva01w,0.4211537651627374,14.99240507940176
whitmta01w,0.46894048666269256,16.693536460399972
whitmta01w,0.37194148441567176,13.240526053563878
whitmta01w,0.5214943651842951,18.56437105921944
whitmta01w,0.42260023787849044,15.043897210506161
whitmta01w,0.4319327658498695,15.376120382505341
whitmta01w,0.4618320560323658,16.440487620987355
whitmta01w,0.5900662195831011,21.00542015632393
whitmta01w,0.49659090344783063,17.677847378045207
whitmta01w,0.5546651969850143,19.745199982795413
whitmta01w,0.38829786201335476,13.822787115580883
whittje01w,-0.06499996750001626,-2.313895597090615
whittkh01w,0.3827956783443184,13.626918116628476
whittkh01w,0.6519997392001043,23.210155079523286
wickssu01w,0.3769117591630624,13.417459939789515
wickssu01w,0.4531561386518913,16.131638743064503
wickssu01w,0.30210279667984125,10.754379701898639
widemja01w,0.0,0.0
wiggica01w,0.7411407677046025,26.383434102726422
wiggica01w,0.533923298584825,19.006821346167836
wilkibr01w,0.35714260204099857,12.713709347561531
wilkibr01w,0.0,0.0
williad01w,0.3245014152563699,11.551734945270548
williad01w,0.3303999911893336,11.761714879189531
williad01w,0.38792710264319935,13.809588670917314
williad01w,0.4779695382947255,17.01495635676007
williad01w,0.5606896165041644,19.95965974849275
williad01w,0.32080534759695656,11.42016080742712
williad01w,0.49118851452482554,17.4855309135376
williad01w,0.4597701073929375,16.367085524621707
williad01w,0.40363900431384275,14.368907413616892
willian01w,0.3993288322598099,14.215472134768067
willian01w,0.4218044795635729,15.015569478477135
willibe01w,0.0,0.0
willile01w,0.54114282622041,19.26382506250123
willile01w,0.2648351357324027,9.42771016810045
willile01w,0.4521530884137278,16.095931747830285
willile01w,0.30593749043945345,10.890888708715531
willile01w,0.5395683388540967,19.20777581317528
willile01w,0.600981758752009,21.393996012501084
willile02w,0.426553648217308,15.18463233897342
willili01w,0.46281248553710985,16.475389354042594
willili01w,0.26623373165795694,9.47749796152124
willili01w,0.43885347523226276,15.622486643667848
willili01w,0.49912662665662394,17.768115096537002
willili01w,-0.19999960000080003,-7.119668080782035
willina01w,0.6945139490422142,24.72359342035661
willina01w,0.5749999945958648,20.469086477961184
willina01w,0.4856150745474695,17.28712530319249
willina01w,0.5854838654128665,20.842295626472232
willina01w,0.5404811658945485,19.240271005881432
willina01w,0.4457711387341899,15.868744476323835
williri01w,0.49339250006516266,17.563989297964273
williri01w,0.4973128551121608,17.703547710547763
williri01w,0.33882348955017766,12.06157804095576
williri01w,0.3555785050500309,12.658029979093818
williri01w,0.29868765620242377,10.632806125509692
willish01w,0.35371177494708406,12.591577352541902
willita01w,0.5752873232593492,20.479314921988546
willito01w,0.29136689948760436,10.37219881474776
williwe01w,0.4446807564509028,15.829928599001391
wilsoam01w,0.3666662592597119,13.052736417176227
wirthch01w,0.3474999710416691,12.370447000334782
wisdoli01w,0.4614212963745534,16.42586522961963
witheso01w,0.5699340191335154,20.288745798293974
witheso01w,0.4909512704065978,17.47708539976711
witheso01w,0.5455307110186953,19.420026791606567
witheso01w,0.2897872217111821,10.315964795066375
wolteka01w,0.5858764112752027,20.85626963565179
wolteka01w,0.5148148011953757,18.326589191029402
wolteka01w,0.4371794311308422,15.562893332707937
wolvean01w,0.5399989200021601,19.223103818111497
wrighsh01w,0.28353908298193076,10.093540980844892
wrighsh01w,0.37052022050519595,13.189931315885694
wrighta01w,0.34299241774635575,12.209985262816618
wrighta01w,0.2984251909758821,10.62346278034442
wrighta01w,0.3760511814250242,13.386824739256523
wrighta01w,0.4462871231895158,15.887112703344034
wrighta01w,0.5230410398970052,18.61943022225472
wyckobr01w,0.295987649753277,10.536690184608716
wyckobr01w,0.3077820951793367,10.956553707486297
wyckobr01w,0.35364237942195526,12.589106982075128
wyckobr01w,0.2894295253451422,10.30323137260005
wyckobr01w,0.321739121109011,11.453401661250963
wyckobr01w,0.38076922344674574,13.554779541094652
wyckobr01w,0.25303029877053373,9.00747672305397
wyckobr01w,0.28380413778146635,10.102976510695472
wynneda01w,1.233329222235926,43.90456129219124
yamasli01w,0.4197278626035468,14.941645213197356
yamasli01w,0.18918917640613672,6.73483417208247
yilmane01w,0.4147057603806587,14.762866351166743
yilmane01w,0.3272726847697812,11.650387738065135
youngca01w,0.4594981914158354,16.35740574774805
youngca01w,0.4688171790958506,16.689146906882065
youngso01w,0.5620624355528625,20.00852992604144
youngso01w,0.6245027068308977,22.231304403449496
youngso01w,0.702656539822993,25.013456718465953
youngso01w,0.6685534531127272,23.799441000903265
youngta01w,0.43127516199630656,15.352710729856073
youngta01w,0.5424656791142906,19.310916524304623
youngta01w,0.5426356168499522,19.31696603776518
zakalok01w,0.425581378853435,15.150021093971624
zakalok01w,0.2999997000003,10.679512800664494
zakalok01w,0.07837835719503859,2.790145020007125
zarafr01w,0.3222760212523966,11.47251445354362
zellosh01w,0.594513708297834,21.163743690179974
zirkozu01w,0.3533332155555948,12.578101239508399
zollsh01w,0.40999986333337884,14.59534389112767
