bioID,pos,height,weight,birthDate
abrahta01w,C,74.0,190,1975-09-27
abrossv01w,F,74.0,169,1980-07-09
adairje01w,C,76.0,197,1986-12-19
adamsda01w,F-C,73.0,239,1989-02-19
adamsjo01w,C,75.0,180,1981-05-24
adamsmi01w,,0.0,0,0000-00-00
adubari99w,,0.0,0,0000-00-00
aglerbr99w,,0.0,0,0000-00-00
aguilel01w,G,67.0,165,1976-10-15
ajavoma01w,G,68.0,160,1986-05-07
alberma01w,G,64.0,0,1975-04-12
aldrima01w,G,71.0,153,1973-09-15
alexaer01w,G,67.0,140,1975-04-25
alhalta01w,F-G,72.0,149,1974-10-17
allench01w,G,71.0,135,1986-07-23
allenso99w,,0.0,0,0000-00-00
amachma01w,F,73.0,175,1978-01-30
ambermo01w,F,76.0,169,1970-12-21
anderam01w,F,72.0,167,1984-03-14
anderch01w,C,78.0,190,1981-01-22
anderjo01w,G,68.0,166,1986-07-22
anderke01w,G,67.0,125,1974-05-17
andrame01w,F,71.0,165,1975-12-31
angelyv01w,G,68.0,160,1963-10-14
anosini01w,C,75.0,211,1986-02-27
appelja01w,C,76.0,210,1988-05-14
arcaija01w,G,71.0,147,1969-04-11
artiska01w,F,73.0,155,1973-07-09
askamma01w,C,77.0,198,1970-08-07
atkinla01w,G-F,72.0,172,1984-03-22
atunrmo01w,G-F,70.0,143,1986-04-14
augusse01w,F,72.0,179,1984-04-30
aycocan01w,G-F,74.0,172,1973-02-28
ayimmi01w,F,75.0,0,1988-05-06
azizle01w,F,75.0,177,1979-02-28
azzije01w,G,68.0,143,1968-08-31
badertr01w,G,64.0,125,1973-02-26
bakerla01w,G,67.0,140,1968-12-18
bakersh01w,G,68.0,125,1982-12-03
balesal01w,C,79.0,218,1985-04-04
banchrh01w,C,75.0,185,1973-05-01
baranel01w,F,77.0,182,1972-01-28
barksla01w,G,70.0,156,1979-10-03
barnead01w,F,71.0,165,1977-02-03
barnequ01w,C,77.0,185,1976-09-26
bassmi01w,F,75.0,184,1983-12-02
batkosu01w,C,76.0,203,1980-12-17
batteja01w,F,73.0,163,1983-03-26
battlas01w,F,72.0,170,1982-05-31
bauerca01w,F-C,76.0,180,1972-06-27
beardal01w,G-F,71.0,160,1982-05-14
becenry01w,G,66.0,140,1971-08-11
beckan99wc,,0.0,0,0000-00-00
beckki01w,G,68.0,125,1985-12-27
bellje01w,F,73.0,160,1970-05-26
bennije01w,F,75.0,185,1981-10-06
berezva01w,C,76.0,0,1986-04-10
berggas01w,G,70.0,170,1976-11-18
berrysh01w,F-C,75.0,175,1967-07-06
berthlu01w,F-C,74.0,188,1978-03-31
berubca01w,F,72.0,155,1975-09-02
beviltu01w,G,67.0,145,1972-07-19
bibbyhe01w,,0.0,0,0000-00-00
bibbyje01w,G,67.0,139,1979-08-23
bibrzag01w,G-F,74.0,168,1982-10-21
birdsu01w,G,69.0,150,1980-10-16
bishoab01w,F-C,74.0,0,1988-11-29
bjedoni01w,C,78.0,195,1971-05-18
bjorkan01w,F,72.0,166,1989-07-14
bjorkte01w,C,76.0,175,1982-06-29
blackch01w,C,77.0,188,1985-11-12
blackde01w,G,63.0,124,1966-07-29
bladerh01w,G,67.0,138,1972-10-29
blodgci01w,G,69.0,130,1975-12-23
blueni01w,G,68.0,163,1984-03-29
blueoc01w,F,73.0,163,1976-08-18
bobbish01w,G,62.0,130,1985-12-06
boddiwh01w,G,69.0,149,1987-01-23
boguemu01w,,0.0,0,0000-00-00
boldeba01w,G,74.0,180,1969-06-16
boltoru01w,G,69.0,150,1967-05-25
bondla01w,G,67.0,132,1984-02-13
bonfisu01w,G,68.0,145,1974-09-08
bonnede01w,G,76.0,136,1987-08-21
bookeka01w,C,73.0,170,1965-04-10
bosweca01w,F-G,72.0,168,1962-11-10
bouceje01w,G,68.0,130,1973-12-20
bouchke01w,F,74.0,163,1968-01-13
bowenli01w,G,67.0,145,1983-10-25
boydca01w,F,73.0,172,1975-10-31
boyerli99w,,0.0,0,0000-00-00
bradlki01w,F-C,77.0,185,1974-08-26
brancli01w,G,64.0,0,0000-00-00
branzal01w,F,76.0,180,1971-07-17
branzge01w,F,76.0,175,1976-07-25
braxtja01w,F-C,75.0,178,1973-10-06
braxtka01w,F-C,78.0,210,1983-02-18
brazian01w,F,74.0,169,1976-09-18
brcanra01w,C,80.0,198,1967-04-15
brelaje01w,F,75.0,170,1988-02-23
bristre01w,G,70.0,139,1978-02-10
brogami01w,F,73.0,177,1973-02-08
brondsa01w,G,67.0,136,1968-08-20
brownci01w,F-C,74.0,183,1965-03-16
brownco01w,G,69.0,150,1980-10-21
brownde01w,,0.0,0,0000-00-00
browned01w,G-F,69.0,163,1978-07-01
brownki01w,G,70.0,134,1979-01-13
brownla01w,C,75.0,180,1972-12-01
brownle01w,F,72.0,166,1977-06-03
brownru01w,F,74.0,175,1972-05-05
brucegr99w,,0.0,0,0000-00-00
brumfma01w,G,68.0,133,1978-06-06
brungje01w,F,73.0,165,1982-04-16
brunsre01w,F,75.0,175,1981-12-11
bryanjo01w,,0.0,0,0000-00-00
bullevi01w,F,75.0,185,1967-10-04
burgean01w,G,67.0,141,1969-04-10
burgehe01w,C,77.0,195,1971-11-11
burgehe02w,F,77.0,180,1971-11-11
burgeli01w,F,73.0,173,1969-07-27
burraal01w,C,75.0,218,1975-06-23
burseja01w,C,77.0,199,1979-05-19
buttsta01w,G,71.0,160,1982-03-10
byearla01w,G-F,71.0,206,1973-08-12
byrdla01w,G,66.0,131,1960-02-01
cabezli01w,F-C,75.0,178,1973-10-25
cainke01w,C,78.0,220,1989-05-16
camba01w,C,80.0,215,1991-08-18
campbed01w,G,68.0,152,1968-11-26
campbmi01w,F-C,77.0,170,1974-02-20
cantydo01w,G-F,69.0,162,1977-03-02
careyja01w,G,66.0,135,1981-03-12
carsoes01w,G-F,72.0,165,1986-07-28
carteam01w,F,74.0,185,1982-06-21
cartede01w,G-F,72.0,185,1972-01-03
cartesy01w,G,66.0,0,1990-11-18
cashsw01w,F,73.0,162,1979-09-22
cassija01w,C,75.0,187,1978-09-12
castriz01w,F-G,72.0,140,1982-03-13
catchta01w,F,73.0,167,1979-07-21
caufila01w,G,69.0,159,1980-05-25
cebriel01w,C,77.0,190,1971-02-07
chacoke01w,G,69.0,151,1974-12-21
chambco01w,G,69.0,160,1985-07-06
chancva99w,,0.0,0,0000-00-00
chanequ01w,G,71.0,160,1986-04-14
chapmji01w,C,75.0,206,1979-11-04
charlda01w,F-C,75.0,141,1968-11-22
charlti01w,C,76.0,198,1988-12-05
chaseso01w,G,69.0,150,1976-03-09
chatmda99w,,0.0,0,0000-00-00
cheekjo01w,F,73.0,201,1988-06-25
cheruam01w,G,70.0,140,1970-04-18
chestfe01w,F,75.0,180,1988-03-24
choneka01w,C,75.0,180,1981-01-11
chriska01w,F,74.0,171,1980-11-16
chriska02w,F,72.0,180,1989-09-11
chrissh01w,F,73.0,170,1982-02-15
cironkr01w,G,68.0,150,1987-05-19
clarkal01w,F,70.0,167,1987-07-07
clarkma01w,F-C,75.0,0,1971-01-01
cleamji01w,,0.0,0,0000-00-00
clearmi01w,G,66.0,126,1974-07-16
clinest01w,G,65.0,148,1978-04-22
coggicl01w,G,71.0,170,1985-05-19
cokermo01w,F,73.0,180,1982-11-28
colemco01w,F,72.0,170,1981-04-13
colemma01w,G-F,73.0,160,1987-01-04
colleka01w,G-F,70.0,145,1971-03-17
colsosy01w,G,68.0,140,1989-08-06
compame01w,G,69.0,143,1975-09-18
congran01w,F-C,74.0,183,1970-06-03
conklab01w,F,75.0,175,1975-02-10
consuca01w,G,68.0,144,1979-03-04
coopeca01w,C,76.0,176,1979-02-05
coopecy01w,G,70.0,150,1963-04-14
coopemi01w,,0.0,0,0000-00-00
cowenda01w,,0.0,0,0000-00-00
coylepa99w,,0.0,0,0000-00-00
crawlsy01w,F-C,77.0,187,1972-09-27
crockda01w,F,73.0,158,1981-02-11
crockwi01w,F,74.0,215,1984-07-05
cronika01w,G,72.0,155,1977-09-08
crosssh01w,G,70.0,155,1983-09-07
crumpca01w,G,70.0,158,1962-10-29
cummiki01w,F,75.0,188,1963-08-29
cunnibe01w,G,72.0,163,1975-06-05
cunnida01w,F,72.0,187,1980-01-27
cunnima01w,F-C,76.0,0,1973-05-20
currimo01w,F,72.0,177,1983-02-25
curryed01w,G,64.0,138,1979-07-09
dailesh99w,,0.0,0,0000-00-00
dalesst01w,G-F,72.0,155,1979-09-05
daleygr01w,G,66.0,147,1978-06-26
darlihe01w,G,66.0,164,1978-08-29
darscna99w,,0.0,0,0000-00-00
davenje01w,C,77.0,215,1985-06-24
davisbr01w,G,72.0,172,1983-01-01
daviscl01w,F,73.0,165,1967-06-04
davisde01w,G,67.0,138,1984-11-08
davisla01w,G,67.0,145,1974-10-08
davista01w,F,70.0,160,1972-09-25
davista02w,G,71.0,0,1987-06-07
dedenka01w,F,76.0,170,1969-09-23
deforan01w,G,70.0,160,1976-04-14
derevje01w,G,70.0,140,1982-03-29
desouer01w,F-C,77.0,190,1982-03-03
dickeke01w,F,71.0,165,1978-04-20
dillata01w,G,69.0,154,1981-05-06
dixonin01w,C,75.0,0,1972-09-16
dixonta01w,G,69.0,148,1975-12-14
doagela01w,G,66.0,137,1975-05-15
domonna01w,G,70.0,132,1975-09-28
donapbe01w,F-C,74.0,195,1980-08-27
donovan99w,,0.0,0,0000-00-00
doronsh01w,G,69.0,145,1985-04-01
dossaci01w,C,77.0,187,1975-01-31
douglka01w,G-F,72.0,167,1979-05-07
duffyme01w,G,67.0,135,1984-07-13
dunlavi01w,F,73.0,160,1989-09-19
dunnli99wc,,0.0,0,0000-00-00
dunntr01wc,,0.0,0,0000-00-00
dupreca01w,F,74.0,162,1984-08-16
dydekka01w,F-C,79.0,190,1970-03-21
dydekma01w,C,9.0,223,1974-04-28
edwarmi01w,G,69.0,150,1966-03-06
edwarsi01w,C,76.0,164,1973-11-17
edwarte01w,G-F,71.0,155,1964-07-09
edwarto01w,G,70.0,160,1968-03-13
elysh01w,F,74.0,182,1983-08-09
enissh01w,F-C,73.0,185,1974-12-03
erbsu01w,C,78.0,240,1977-07-25
ervinla01w,F,76.0,171,1985-03-24
estessh99w,,0.0,0,0000-00-00
evansda01w,G,67.0,0,1989-06-30
evansde01w,G,64.0,125,1970-10-11
fallotr01w,G-F,75.0,165,1972-07-23
farriba01w,C-F,75.0,200,1976-09-10
feastal01w,F,71.0,168,1976-02-11
feifesu01w,G,73.0,162,1979-01-29
feldeja01w,F,73.0,0,1969-10-16
ferdima01w,G,69.0,153,1978-10-13
fernama01w,G,71.0,138,1981-12-21
ferrama01w,F,75.0,190,1972-02-11
figgsuk01w,G,69.0,142,1977-03-31
fijalis01w,C,77.0,200,1972-05-23
firsool01w,C,78.0,215,1976-04-23
floremi01w,G,66.0,125,1977-10-19
flukety01w,C,77.0,209,1984-12-27
folklkr01w,F,74.0,190,1975-12-19
fordch01w,F,75.0,198,1981-06-06
fordki01w,G-F,70.0,153,1975-04-04
fordst01w,F,74.0,185,1969-01-14
fortnne99w,,0.0,0,0000-00-00
fostecl99w,,0.0,0,0000-00-00
fosteto01w,F,73.0,175,1971-10-16
fowlesy01w,C,78.0,200,1985-10-06
francde01w,F,70.0,193,1975-08-24
frankaq01w,G,64.0,154,1985-09-29
frankba01w,F-C,0.0,0,0000-00-00
frazeme01w,F,75.0,191,1987-03-29
freemla01w,F,73.0,175,1971-03-17
fresest01w,G,68.0,126,1976-09-23
frettla01w,F,75.0,170,1975-06-12
friertr01w,F,74.0,186,1979-08-23
frohlli01w,F-C,75.0,185,1979-06-23
frostsh01w,C,76.0,184,1966-12-19
futreca01w,G,70.0,154,1982-07-10
gaineco01w,,0.0,0,0000-00-00
gaithka01w,C,75.0,170,1975-08-13
gamblam01w,F,70.0,163,1964-12-17
ganttr01w,C,74.0,181,1971-10-10
garcibe01w,G,65.0,135,1976-09-03
gardike01w,F,73.0,168,1984-05-19
gardnan01w,F-C,75.0,190,1979-12-23
garnean01w,F-C,75.0,160,1979-01-05
gaydeco01w,G,69.0,150,1971-05-11
gaypi01w,G-F,71.0,183,1974-08-21
gearlka01w,G-F,73.0,184,1984-10-26
gessiki01w,F,75.0,175,1970-12-29
gibsoke01w,F-G,70.0,136,1976-11-10
gilbrbr01w,G,73.0,0,1990-08-16
gilloje01w,F-C,75.0,180,1964-06-13
gilmous01w,G,71.0,158,1978-08-24
gisseka01w,F,73.0,178,1985-07-27
givench01w,G,70.0,0,1985-07-26
godbyli01w,F-C,78.0,163,1968-10-17
gomisem01w,G,71.0,134,1983-10-18
goodemo01w,G,66.0,130,1972-02-08
goodeti01w,F,71.0,165,1975-10-23
goodlsa01w,C,77.0,239,1990-08-09
goodsad01w,F,72.0,165,1966-10-19
gordobr01w,F,72.0,159,1967-04-27
goringi01w,C,79.0,225,1983-06-07
gortmsh01w,G,70.0,158,1979-12-07
grafca99wc,,0.0,0,0000-00-00
grahama01w,C,75.0,240,1970-12-18
granter01w,G,68.0,125,1984-06-13
gravede01w,C,77.0,212,1975-09-16
graylal01w,G,68.0,176,1987-04-21
grecomi01w,G,69.0,145,1980-03-24
greenci01w,C,77.0,183,1983-04-04
greenka01w,G,70.0,170,1987-07-13
grginve01w,F,73.0,160,1975-01-13
griffke01w,F,74.0,179,1987-07-02
griffyo01w,C-F,75.0,188,1970-03-01
groomla01w,G-F,70.0,160,1970-09-12
grubigo01w,G,71.0,165,1972-08-20
grudasa01w,F-C,76.0,185,1987-06-25
guytowa01w,F,73.0,178,1965-10-14
hagiwmi01w,G,71.0,161,1970-04-27
hairska01w,F,72.0,150,1985-08-18
hallam01w,F,75.0,180,1977-12-29
hallvi01w,F,73.0,180,1969-10-03
hamblan01w,G,70.0,170,1976-09-30
hammobe01w,G,66.0,136,1977-03-11
hamptky01w,F,74.0,210,1962-11-03
hamzoro01w,G,69.0,152,1970-08-17
hardili01w,G,68.0,139,1984-06-12
hardish01w,G,69.0,165,1969-06-27
hargrli99w,,0.0,0,0000-00-00
harpela01w,F-C,77.0,190,1986-04-11
harriam01w,F,77.0,202,1988-01-16
harrido01w,F,75.0,190,1966-09-29
harrifr01w,G,72.0,154,1965-03-12
harrili01w,F,73.0,164,1971-01-02
harrokr01w,G,64.0,139,1975-03-04
harveca99w,,0.0,0,0000-00-00
haydeva01w,C,76.0,240,1982-06-05
hayesti01w,G,70.0,0,1989-09-20
haynikr01w,G,69.0,147,1983-06-17
headde01w,G,70.0,160,1970-08-16
hedgpch01w,G,69.0,143,1972-02-17
hemmera01w,F-C,75.0,0,1973-04-02
hendene01w,G,68.0,144,1973-02-28
hendetr01w,C,75.0,200,1974-12-31
henniso01w,G,67.0,143,1969-10-04
henryan01w,F,75.0,205,1986-02-13
herriam01w,C,76.0,189,1977-06-06
hibbeka01w,G-F,70.0,140,1977-09-29
hicksje01w,F-C,76.0,188,1971-12-02
hightal01w,G,70.0,139,1988-04-06
hillec01w,G,67.0,173,1971-04-06
hillmli99w,,0.0,0,0000-00-00
hillmna01w,,0.0,0,0000-00-00
hledeko01w,G,69.0,150,1975-03-29
hodgeda01w,G-F,73.0,170,1968-01-21
hodgedo01w,G,69.0,160,1982-07-19
hodgero01w,G,71.0,165,1982-07-19
hodgesa01w,F-G,69.0,0,1962-07-31
hoffmeb01w,F,74.0,215,1982-08-27
holdeta99w,,0.0,0,0000-00-00
holdsch01w,F,74.0,172,1977-08-09
hollake01w,G,68.0,129,1974-11-05
holliqu01w,C,77.0,201,1988-11-15
holmejo01w,F,70.0,150,1969-03-31
holmese01w,G-F,73.0,155,1986-06-13
holtam01w,F,72.0,168,1985-06-07
hopeky01w,C,74.0,165,1977-11-23
hopsosu01w,F-C,74.0,175,1974-06-21
hornbal01w,G,71.0,155,1985-10-16
houstch01w,F,72.0,189,1986-04-10
houtsas01w,G,66.0,140,1987-12-31
howarje01w,G,66.0,130,1975-01-21
howarme01w,G,69.0,145,1972-04-02
hudsopa01w,F,71.0,139,1968-09-19
hugheda99w,,0.0,0,0000-00-00
hullaja99w,,0.0,0,0000-00-00
humphta01w,C,75.0,190,1985-12-29
ibekwif01w,F,74.0,0,1989-10-05
irvinsa01w,F,75.0,185,1982-02-23
ivanyda01w,G,70.0,135,1976-03-18
iveyni01w,G,67.0,149,1977-09-24
jacksan01w,C,76.0,205,1976-03-30
jacksde01w,F,74.0,155,1979-12-15
jacksgw01w,F,75.0,182,1980-10-23
jacksla01w,F-C,77.0,187,1981-05-11
jacksta01w,F-C,75.0,179,1962-12-03
jacksta02w,G,66.0,118,1978-04-22
jacksti01w,F,71.0,148,1972-04-21
jacksti02w,F,75.0,185,1985-04-26
jacobam01w,G,68.0,152,1982-06-29
jacobje01w,G,68.0,130,1973-02-20
jamesta01w,F,69.0,158,1984-06-13
januabr01w,G,68.0,144,1987-01-11
jekaban01w,G,69.0,180,1983-08-12
jenkica99w,,0.0,0,0000-00-00
joensca01w,G-F,71.0,165,1981-02-12
johnsad01w,G,70.0,154,1974-02-05
johnsch01w,C,75.0,185,1981-03-19
johnsda01w,C,74.0,197,1973-02-19
johnsgl01w,F,75.0,170,1990-07-27
johnsja01w,F,72.0,201,1979-03-16
johnsla01w,F,73.0,150,1975-08-17
johnsle01w,F,74.0,220,1975-01-12
johnsni01w,G,69.0,146,1973-02-07
johnspo01w,C,75.0,165,1975-11-06
johnssh01w,G,67.0,152,1974-08-18
johnssh02w,G,71.0,0,1990-12-08
johnste01w,G,63.0,132,1982-09-06
johnsti01w,C,76.0,240,1975-12-27
johnsvi01w,G-F,69.0,150,1972-04-15
jollyke01w,G,69.0,148,1977-05-03
jonesas01w,F,74.0,196,1980-08-01
jonesch01w,G-F,69.0,150,1982-03-25
jonesja01w,G,69.0,158,1978-09-13
joneskc01w,,0.0,0,0000-00-00
jonesla01w,G,73.0,180,1977-07-24
jonesma01w,G,70.0,150,1975-10-12
jonesme01w,G,69.0,147,1973-07-21
jordapa01w,C,75.0,205,1968-04-27
joyneja01w,F,70.0,154,1962-03-03
kaplaan01w,C,77.0,180,1973-04-22
kausaan01w,F,72.0,155,1970-11-30
kellycr01w,F,74.0,190,1986-09-15
kenlaje99w,,0.0,0,0000-00-00
keyst99wc,,0.0,0,0000-00-00
kingbsu01w,G,67.0,135,1981-07-27
kingija01w,G,68.0,150,1976-01-20
kizerly01w,F-C,76.0,215,1990-04-04
klimezu01w,F,74.0,181,1979-01-21
kloppga99wc,,0.0,0,0000-00-00
kobryew01w,F-C,75.0,210,1982-05-07
koehnla01w,G,68.0,145,1982-05-13
korstil01w,G,70.0,160,1980-05-30
kossgr01w,F,73.0,145,1974-06-12
kostaan01w,G,67.0,137,1978-03-26
kostita01w,F,73.0,163,1972-11-10
kraayca01w,F,76.0,180,1981-09-30
kubikni01w,G,69.0,145,1978-03-01
kukloan01w,G,72.0,150,1971-07-16
laceyal01w,G,72.0,159,1987-12-26
laceytr99w,,0.0,0,0000-00-00
lacyje01w,F,75.0,175,1983-03-21
lacyna01w,G,70.0,165,1985-07-08
lacyve01w,C,76.0,234,1967-02-09
laimbbi01w,,0.0,0,0000-00-00
lambesh01w,G,67.0,125,1980-07-21
lambmo01w,C,77.0,206,1964-10-11
langeme01w,F-C,78.0,205,1969-04-28
langhcr01w,F-C,74.0,184,1986-10-27
langja01w,F,72.0,185,1972-06-23
larakr01w,G,68.0,130,1969-09-30
larkier01w,F,73.0,210,1986-04-02
lassiam01w,F,73.0,160,1979-06-09
lattaiv01w,G,66.0,143,1984-09-24
lavenja01w,C,76.0,185,1988-11-12
lawsoed01w,G,66.0,130,1979-05-14
lawsoka01w,G,69.0,165,1981-02-14
laydefr99w,,0.0,0,0000-00-00
lazicka01w,F-C,70.0,147,1980-05-25
lehnish01w,G,69.0,147,1986-10-27
lennobe01w,G,68.0,143,1976-12-04
leslili01w,C,77.0,170,1972-07-07
leuchye01w,C,77.0,195,1983-04-30
levanni01w,G,68.0,163,1979-05-17
levesni01w,G,63.0,115,1972-04-11
lewisji99w,,0.0,0,0000-00-00
lewista01w,F-C,74.0,212,1979-07-10
lewisty01w,G,70.0,152,1979-05-08
liebena01w,G,70.0,150,1958-07-01
lilleta01w,G,66.0,130,1988-02-29
listr01w,G-F,70.0,0,0000-00-00
littlca01w,F,74.0,180,1985-01-18
lloydan01w,F,74.0,175,1965-02-09
lobore01w,F,76.0,190,1973-10-06
lovelst01w,F,76.0,170,1974-12-05
lowreja99w,,0.0,0,0000-00-00
luckepa01w,F,73.0,165,1975-05-14
luzhe01w,G,68.0,144,1972-11-23
lyttlsa01w,F,76.0,175,1983-09-20
mabikmw01w,G-F,71.0,165,1976-07-27
macchla01w,F,73.0,169,1979-05-24
machacl01w,C-F,77.0,180,1976-10-04
maherto99w,,0.0,0,0000-00-00
mahonme01w,F,72.0,160,1983-02-13
mahonsh01w,F,76.0,178,1977-07-03
mahorri01w,,0.0,0,0000-00-00
maigaha01w,G-F,73.0,160,1978-04-25
malcona01w,F,73.0,170,1975-11-27
malloam01w,G,64.0,148,1970-04-21
malloso01w,C,77.0,210,1981-09-02
maltsev01w,G,71.0,165,1978-12-20
mannish01w,F-C,75.0,186,1969-03-20
mannkr01w,F,73.0,185,1983-08-10
mapprh01w,C,74.0,190,1969-10-13
marcimi01w,G,70.0,154,1973-10-29
margiga01w,F,73.0,164,1987-02-12
martima01w,F,76.0,172,1978-04-17
martinu01w,G,69.0,167,1984-02-29
mascira01w,F,72.0,169,1980-09-30
maslemi01w,F,74.0,170,1974-10-10
matteca01w,G,69.0,167,1982-08-22
matteka01w,C,80.0,240,1982-11-17
maxwean01w,F,71.0,186,1974-04-07
maxwemo01w,F,69.0,162,1976-12-21
maytuet01w,F,72.0,0,1973-04-28
mazzake01w,G,72.0,155,1982-02-02
mccaibr01w,G,63.0,135,1979-09-21
mccaiti01w,G-F,70.0,167,1976-10-06
mccanra01w,F,73.0,161,1986-11-17
mccarja01w,C,74.0,205,1982-11-03
mccarjo01w,G,67.0,130,1974-10-26
mccarst01w,G-F,69.0,155,1977-06-20
mcclaka01w,F-C,74.0,180,1965-09-19
mcconsu01w,G,65.0,125,1966-07-29
mccouan01w,F,73.0,160,1986-09-10
mccrada01w,G-F,71.0,170,1987-10-08
mccrani01w,G,71.0,158,1971-12-11
mccrini01w,G,68.0,125,1972-03-22
mcculda01w,F-C,75.0,180,1975-01-18
mcgeepa01w,C-F,75.0,200,1962-12-01
mcgheca01w,F-C,73.0,179,1968-03-06
mchugma99w,,0.0,0,0000-00-00
mckivte01w,C-F,75.0,220,1980-10-05
mcwilta01w,F-C,74.0,188,1970-10-20
meadoma99w,,0.0,0,0000-00-00
melvich01w,C-F,75.0,185,1976-05-03
mendigi01w,G,71.0,174,1982-01-09
miaomi01w,G,71.0,153,1981-06-03
millebr01w,C,76.0,0,1987-08-10
millech99w,,0.0,0,0000-00-00
milleco01w,G,69.0,140,1978-09-06
milleke01w,G,70.0,140,1978-09-06
millsta01w,C,75.0,232,1976-02-29
miltode01w,F,73.0,185,1974-09-11
mitchle01w,G,65.0,130,1985-06-15
mizrali01w,G,67.0,130,1970-06-24
moeggli01w,F,73.0,195,1984-05-25
moisead01w,G,66.0,140,1978-12-06
mokanch01w,F,77.0,0,1988-10-13
monroja01w,C,77.0,162,1988-09-04
montaan01w,F,73.0,190,1980-10-24
montgal01w,G-F,73.0,185,1988-11-12
montgre01w,G,67.0,139,1986-12-02
mooreja01w,C,73.0,207,1979-11-06
mooreje01w,F-C,75.0,175,1982-07-09
moorelo01w,G,69.0,165,1983-03-21
moorema01w,F,72.0,175,1989-06-11
moorena01w,G,70.0,145,1984-11-04
moorepe01w,F,72.0,135,1969-01-25
mooreta01w,G-F,71.0,167,1980-04-11
mooreyo01w,F,72.0,174,1974-07-01
moosca01w,F-C,78.0,182,1978-05-23
morehmo01w,F-C,75.0,175,1974-01-18
morgale01w,F,73.0,0,1969-11-01
morrich01w,F,0.0,0,0000-00-00
morrije01w,G,69.0,146,1987-07-21
morrila01w,F,73.0,160,1974-05-26
morrizi01w,C,76.0,0,1989-02-15
mosbybe01w,F,73.0,172,1984-02-14
mosleju01w,F,73.0,170,1968-03-17
moweje01w,C,77.0,236,1978-02-25
mulitna01w,C,75.0,207,1976-03-06
murphma99w,,0.0,0,0000-00-00
murphsh01w,G,71.0,164,1985-04-15
nagyan01w,G,67.0,147,1971-11-16
nanch01w,C,78.0,204,1983-01-06
ndiayas01w,F-C,75.0,182,1973-11-05
ndongem01w,C,74.0,170,1983-04-25
nemcoev01w,F,74.0,178,1972-12-03
neroja01w,F,71.0,180,1968-11-08
nevescl01w,G,68.0,136,1975-02-17
newtoch01w,G,71.0,154,1983-02-17
ngarsch01w,C,75.0,168,1983-06-23
ngoyibe01w,C,76.0,195,1982-08-26
nichoti01w,G,63.0,146,1973-09-27
nieuwma01w,C,77.0,180,1980-04-12
nikolmi01w,F,75.0,185,1971-07-04
nnamach01w,G,72.0,156,1985-06-15
nolande01w,G-F,69.0,147,1979-08-25
novosna01w,G,71.0,165,0000-00-00
nygaava01w,F,73.0,166,1975-03-13
ogayu01w,G,66.0,140,1982-10-17
ogwumnn01w,F,74.0,0,1990-07-02
oheaje01w,G-F,73.0,174,1987-06-06
ohldeni01w,F-C,77.0,190,1982-03-13
olajuab01w,C,76.0,236,1988-07-06
oneilkr01w,G-F,73.0,158,1983-04-12
orrki01w,G,66.0,141,1975-09-16
osburde01w,C,76.0,0,1972-02-11
osipoir01w,C,77.0,190,1981-06-25
overtbo99w,,0.0,0,0000-00-00
owenhe01w,F,77.0,212,1976-05-06
owenssh01w,C,74.0,175,1978-05-16
pageda01w,F,74.0,179,1986-11-14
pagemu01w,F,74.0,160,1975-09-18
paigeyo01w,G,66.0,147,1983-09-18
paliesa01w,G,67.0,159,1981-07-23
palmewe01w,F,74.0,165,1974-08-12
parisco01w,C,76.0,250,1987-09-21
parkeca01w,F,76.0,175,1986-04-19
parsoca99w,,0.0,0,0000-00-00
pascafl01w,C,76.0,187,1982-01-19
paschti01w,F,73.0,165,1969-03-22
pavlimi01w,F-C,75.0,175,1977-11-27
payeka01w,G,68.0,150,1974-03-06
peckca99wc,,0.0,0,0000-00-00
pederka01w,F,76.0,190,1989-04-04
penicti01w,G,71.0,145,1974-09-18
pennjo01w,F,72.0,160,1979-09-10
perazja01w,G-F,72.0,170,1960-12-06
perkiji01w,G,68.0,155,1982-02-23
perpeer01w,F-G,75.0,181,1979-06-05
perroki01w,G,65.0,130,1967-01-18
peterde01w,F,74.0,170,1989-10-08
petroso01w,F,73.0,0,1989-02-18
pettibr01w,G,69.0,150,1971-01-01
philler01w,G,67.0,162,1985-05-19
phillpo01w,F,74.0,173,1988-01-13
phillta01w,F-C,74.0,200,1969-03-06
phillta02w,C,78.0,198,1989-01-24
pierspl01w,F-C,74.0,181,1981-08-30
plankju99w,,0.0,0,0000-00-00
plowdvi01w,F,72.0,0,1971-07-22
pohleje01w,G,72.0,179,1989-05-02
pollica01w,F,77.0,165,1966-03-16
pondeca01w,G,69.0,160,1983-01-07
potthan01w,F,73.0,191,1974-06-12
powelel01w,G,68.0,150,1975-08-09
powelni01w,F,74.0,175,1982-06-22
prahasa01w,G,67.0,129,1990-01-23
pricear01w,G-F,69.0,133,1985-04-03
pricefr01w,G,69.0,178,1968-04-28
priceka01w,G,70.0,148,1975-12-03
pridely01w,F-G,74.0,180,1978-10-16
princep01w,G,69.0,167,1988-01-11
pringla01w,F-C,75.0,162,1986-09-11
queenbr01w,F,74.0,185,1984-04-10
quiglal01w,G,70.0,140,1986-06-20
quinnno01w,G,72.0,175,1985-01-03
quinnte01w,F,76.0,165,1974-09-07
radunha01w,C,75.0,187,1978-01-10
raglafe01w,G,67.0,133,1980-02-03
randase01w,G,69.0,164,1979-02-07
rasmukr01w,F,76.0,174,1978-11-01
ravenbr01w,G,72.0,162,1988-08-01
raymost01w,G,65.0,139,1985-01-15
raymota01w,F,74.0,195,1980-04-12
reddja01w,F,73.0,164,1977-11-05
redmoka01w,G-F,73.0,0,1988-10-11
reedbr01w,F,73.0,168,1977-02-17
reedch01w,F,73.0,165,1989-03-28
reedmi01w,G,71.0,165,1973-05-24
reevech99wc,,0.0,0,0000-00-00
reidtr01w,F,71.0,150,1976-11-01
reissta01w,G,66.0,129,1970-04-02
resska01w,F,76.0,194,1985-06-26
reynoch01w,F,74.0,180,1972-02-08
richano99wc,,0.0,0,0000-00-00
rileyan01w,G,65.0,136,1988-07-22
rileyru01w,C,77.0,198,1979-08-28
rizzoje01w,G,66.0,146,1974-05-15
roberav01w,G,69.0,145,1970-01-29
roberny01w,C,75.0,209,1976-03-10
robertr99w,,0.0,0,0000-00-00
robinas01w,C,76.0,180,1982-08-12
robincr01w,F-G,71.0,155,1974-01-22
robinda01w,G,69.0,125,1989-05-10
robinre01w,G,71.0,166,1978-06-15
robinsc01w,G,71.0,155,1983-01-09
rolanja01w,G-F,73.0,167,1975-02-03
rollitr01w,,0.0,0,0000-00-00
rossad01w,G,68.0,142,1984-11-23
rossca99wc,,0.0,0,0000-00-00
rothsro99w,,0.0,0,0000-00-00
rouilni01w,G,67.0,130,1970-01-23
roundsa01w,G,67.0,145,1976-10-04
roussju99w,,0.0,0,0000-00-00
ruffje01w,G-F,71.0,140,1974-09-12
rushle01w,F,73.0,175,1984-10-25
ryankr01w,F,71.0,150,1972-11-19
rycraeu01w,C,75.0,175,1968-12-06
salesny01w,G-F,72.0,184,1976-05-10
sampsch01w,G,71.0,175,1974-09-01
sampsto01w,G,70.0,0,1972-03-02
samsh01w,F-G,72.0,160,1974-05-05
sanchis01w,G,70.0,152,1976-11-28
sandeam01w,G,71.0,156,1983-06-05
sandish01w,G,72.0,145,1969-01-22
sanfona01w,F-C,76.0,200,1976-05-10
sanniol01w,C,74.0,0,1986-08-21
santoal01w,C,77.0,181,1973-12-02
santoke01w,F,75.0,188,1979-11-10
sarenra01w,C,78.0,222,1974-06-27
sauerpa01w,C,76.0,203,1977-12-08
saundja01w,F,71.0,145,1979-08-21
saureau01w,G,70.0,163,1976-10-31
savasla01w,G,68.0,134,1974-03-18
schumke01w,C,77.0,183,1977-10-14
schwege01w,G-F,72.0,160,1979-01-31
scottol01w,C,74.0,175,1976-08-05
scottra01w,F,75.0,169,1975-08-12
shakiel01w,F-C,75.0,190,1970-06-02
sharpkb01w,G,69.0,145,1981-04-18
sharpli99w,,0.0,0,0000-00-00
sheetsh01w,G,66.0,130,1975-08-15
shegoch01w,C,77.0,0,1990-02-22
shielas01w,G,70.0,155,1985-07-15
shudlca01w,C,72.0,0,1972-05-13
shulead01w,G,66.0,153,1969-04-24
shumajo01w,,0.0,0,0000-00-00
simondy01w,G,65.0,137,1989-09-29
simpsda01w,F,75.0,160,1969-04-11
slaisma01w,G,68.0,173,1973-08-23
slauggw01w,F,75.0,181,1980-07-01
slavtge01w,G,73.0,160,1979-10-20
smithai01w,F,74.0,173,1980-07-18
smithbr01w,F-C,75.0,195,1984-04-30
smithch01w,G,67.0,140,1975-08-14
smithch02w,F,70.0,145,1975-05-02
smithch03w,G,72.0,148,1973-08-23
smithcr01w,G,66.0,121,1984-03-12
smithje01w,C,75.0,198,1982-04-10
smithka01w,G-F,71.0,174,1974-06-04
smithki01w,F,73.0,158,1984-05-07
smithla01w,G,67.0,150,1974-02-06
smithta01w,F-C,76.0,160,1977-04-01
smithty01w,F,72.0,0,1985-04-21
smithwa01w,G,71.0,175,1985-07-09
snellbe01w,G,69.0,170,1981-10-01
snowmi01w,C,77.0,158,1980-03-20
sobrale01w,F,73.0,183,1974-11-22
sobrama01w,C,75.0,163,1964-03-23
spencsi01w,G,75.0,183,1985-03-07
spornra01w,F,74.0,150,1968-05-26
stafftr01w,F,73.0,180,1970-11-11
staleda01w,G,66.0,134,1970-05-04
stanlma99w,,0.0,0,0000-00-00
stansti01w,F-C,75.0,183,1983-01-16
starbka01w,G,73.0,153,1975-07-30
stedika01w,F-G,72.0,173,1967-12-11
stepama01w,C,80.0,187,1979-02-23
stephre01w,G,71.0,160,1969-12-28
stephst01w,C,76.0,205,1982-01-21
sterkca01w,F,74.0,170,0000-00-00
stevema01w,F-C,75.0,166,1982-02-04
stileja01w,G,68.0,144,1978-12-21
stillva01w,F-C,73.0,151,1961-05-14
stinsan01w,G,70.0,158,1967-11-25
stiresh01w,F,71.0,208,1972-05-21
stockta01w,F-C,74.0,165,1979-01-29
streiju01w,F,74.0,165,1972-05-14
stricsh01w,G-F,74.0,178,1990-07-30
strotan01w,G-F,75.0,166,1983-12-11
suberto01w,G,67.0,137,1974-11-23
summela01w,C,74.0,167,1983-12-13
sun-mju01w,C,73.0,168,1974-10-12
suttota01w,C,76.0,199,1978-01-27
swanike01w,G,67.0,144,1986-08-10
swoopsh01w,F-G,72.0,145,1971-03-25
swordca01w,C,78.0,210,1989-07-19
sykesap01w,G-F,72.0,0,1990-07-30
tatede01w,G,68.0,150,1966-05-13
tateso01w,G,66.0,157,1971-09-07
tauradi01w,F-G,72.0,172,1982-06-11
taylode99w,,0.0,0,0000-00-00
tayloli01w,C,80.0,200,1981-05-20
taylope01w,F,73.0,168,1981-05-24
teaslni01w,G,72.0,169,1979-03-22
teilaza01w,C,79.0,170,1983-09-24
terryka01w,C-F,75.0,183,1983-10-21
thibami99w,,0.0,0,0000-00-00
thirdtr01w,F,71.0,160,1968-02-27
thomaca01w,F,75.0,200,1985-10-31
thomach01w,C,75.0,185,1982-08-14
thomaja01w,G,69.0,145,1989-09-30
thomakr01w,C,77.0,195,1989-06-10
thomala01w,F,74.0,165,1981-07-06
thomast01w,F,70.0,154,1978-08-29
thompal01w,F,73.0,180,1976-06-30
thompam01w,F,73.0,170,1987-11-18
thompka99w,,0.0,0,0000-00-00
thomppa01w,F,73.0,193,1975-01-16
thompsh01w,,0.0,0,0000-00-00
thompti01w,F,74.0,178,1975-02-10
thorbsh01w,G,69.0,149,1982-08-07
thorner01w,G,70.0,150,1981-05-19
threaro01w,G,67.0,150,1970-07-01
tilliic01w,C-F,77.0,165,1981-12-06
timmsmi01w,G,67.0,132,1965-06-28
tolerpe01w,G,68.0,132,1966-03-24
tolivkr01w,G,67.0,130,1987-01-27
torniel01w,F,73.0,160,1965-05-27
torrele01w,C,75.0,171,1978-04-06
traviti01w,G-F,71.0,145,1978-03-20
tremich01w,G,66.0,142,1969-10-20
tricetr01w,F-C,74.0,180,1965-08-04
tunsine01w,G-F,73.0,170,1970-08-22
turneba01w,G-F,72.0,172,1984-06-08
tutermo01w,G,72.0,155,1975-08-25
tuvicsl01w,C,76.0,194,1977-09-19
tzekopo01w,C,76.0,189,1968-04-30
udokamf01w,F,72.0,187,1976-06-16
ujhelpe01w,F-C,76.0,200,1980-12-17
umoh-it01w,G,67.0,140,1977-02-21
valdeam01w,F,73.0,160,1976-08-18
vandeco01w,G,68.0,130,1989-02-08
vandehe99w,,0.0,0,0000-00-00
vanemal01w,F,75.0,175,1968-04-14
vangomi01w,C,78.0,187,1977-05-10
vaughki01w,C,76.0,208,1987-01-24
vaughkr01w,F,73.0,160,1986-09-08
vealkr01w,G,70.0,150,1981-07-24
veselja01w,F,75.0,195,1983-12-31
vidicbo01w,G,69.0,133,1973-01-07
viglida01w,G,70.0,157,1975-03-07
vilipda01w,F-C,76.0,207,1975-03-30
vodicka01w,F-C,76.0,190,1972-12-19
vodopna01w,F,75.0,181,1981-04-06
voigtka01w,G,73.0,162,1975-04-07
vukadmi01w,G,73.0,150,1968-11-18
walkeas01w,F-C,73.0,200,1987-02-24
walkeay01w,F,75.0,142,1979-09-10
walkeda01w,,0.0,0,0000-00-00
walkede01w,F,75.0,168,1977-11-28
walkema01w,C,75.0,253,1986-10-17
walsema01w,F,74.0,184,1978-10-28
wardvo01w,C,78.0,170,1973-03-16
warleav01w,C,75.0,0,1987-05-17
washico01w,G,66.0,138,1971-01-17
washito01w,F,71.0,160,1977-12-30
wautean01w,C,76.0,193,1980-10-12
weathte01w,G,68.0,161,1965-12-08
webbum01w,G-F,70.0,162,1975-06-26
weberma01w,C,77.0,200,1982-06-01
weckeke01w,F,73.0,172,1982-12-16
weisery99w,,0.0,0,0000-00-00
westhpa99w,,0.0,0,0000-00-00
whaleli01w,G,68.0,150,1982-05-09
whisejo99w,,0.0,0,0000-00-00
whitede01w,F,71.0,180,1980-04-03
whiteer01w,G,63.0,135,1986-08-26
whiteta01w,G,67.0,154,1982-09-27
whitiva01w,C-F,74.0,199,1972-04-09
whitmta01w,F,74.0,190,1977-06-05
whittje01w,C,77.0,176,1973-09-05
whittkh01w,F,73.0,185,1986-08-05
wickssu01w,F,75.0,191,1966-11-26
widemja01w,G,66.0,135,1975-10-16
wiggica01w,G,71.0,154,1987-02-14
wilkeda01w,G,65.0,121,1969-02-27
wilkibr01w,C,75.0,185,1983-06-15
williad01w,F-C,77.0,170,1977-02-15
willian01w,G,72.0,149,1983-07-21
willibe01w,G,69.0,145,1965-11-09
willide01w,G,68.0,160,1972-09-23
willifr99w,,0.0,0,0000-00-00
willigr99w,,0.0,0,0000-00-00
williki01w,G,66.0,136,1974-10-14
willile01w,F,72.0,200,1981-02-10
willile02w,G-F,71.0,155,1979-07-04
willili01w,G,71.0,170,1984-06-13
willina01w,F-C,74.0,210,1970-11-30
williri01w,G,66.0,135,1976-01-14
williri02w,G,67.0,165,1990-05-28
willisa01w,G-F,72.0,0,1973-09-24
willish01w,G,66.0,135,1980-04-14
willita01w,G,71.0,170,1974-07-23
willito01w,G,68.0,138,1982-01-11
williwe01w,G,67.0,141,1978-11-18
wilsoam01w,F,71.0,176,1977-02-06
wintebr01w,,0.0,0,0000-00-00
wirthch01w,F,73.0,185,1987-04-18
wisdoli01w,F,74.0,186,1986-05-26
witheso01w,G,70.0,145,1969-07-06
wojtaju01w,G-F,72.0,175,1989-04-09
wolteka01w,C,79.0,227,1975-08-15
wolvean01w,F-C,75.0,205,1978-12-08
woodaly01w,G,72.0,160,1959-08-12
woodki01w,C,76.0,0,1972-09-16
woolror01w,,0.0,0,0000-00-00
wooslti01w,G,67.0,132,1973-04-04
wrighfa01w,G,66.0,130,1973-01-28
wrighmo01w,G,71.0,178,1988-07-15
wrighsh01w,F,70.0,155,1981-09-21
wrighta01w,G,71.0,165,1983-11-20
wyckobr01w,F,73.0,183,1980-03-30
wynneda01w,F,74.0,175,1975-02-02
yamasli01w,G,73.0,190,1980-06-02
yasenco01w,G,72.0,160,1973-12-05
yilmane01w,F-C,76.0,193,1980-06-06
youngca01w,G,69.0,175,1969-07-28
youngso01w,F,73.0,165,1983-12-15
youngta01w,F,74.0,166,1986-10-30
zakalok01w,C,78.0,174,1977-12-18
zarafr01w,G,70.0,146,1976-12-08
zellosh01w,G,70.0,155,1986-08-28
zhengha01w,C,80.0,254,1967-03-07
zierddo99w,,0.0,0,0000-00-00
zirkozu01w,G,69.0,145,1980-06-06
zollsh01w,G,67.0,148,1986-07-11
