year,tmID,confID,rank,playoff,firstRound,semis,finals,o_fgm,o_fga,o_ftm,o_fta,o_3pm,o_3pa,o_oreb,o_dreb,o_reb,o_asts,o_pf,o_stl,o_to,o_blk,o_pts,d_fgm,d_fga,d_ftm,d_fta,d_3pm,d_3pa,d_oreb,d_dreb,d_reb,d_asts,d_pf,d_stl,d_to,d_blk,d_pts,won,lost,GP,homeW,homeL,awayW,awayL,confW,confL,min,attend,win_pct,points_per_game,points_allowed_per_game,fg_pct,three_pt_pct,ft_pct,total_rebounds_per_game,offensive_rebounds_per_game,defensive_rebounds_per_game,opp_total_rebounds_per_game,opp_offensive_rebounds_per_game,opp_defensive_rebounds_per_game,rebounding_pct,offensive_rebounding_pct,defensive_rebounding_pct,home_win_pct,away_win_pct,conf_win_pct,assists_per_game,turnovers_per_game,assist_to_turnover,blocks_per_game,steals_per_game,team_points_mean,team_points_max,team_points_std,team_assists_mean,team_assists_sum,team_rebounds_mean,team_rebounds_sum,team_steals_mean,team_steals_sum,team_blocks_mean,team_blocks_sum,team_minutes_sum,team_minutes_mean,made_playoffs_next_season
9,ATL,EA,7,N,,,,895,2258,542,725,202,598,340,737,1077,492,796,285,593,142,2534,1014,2254,679,918,172,502,401,864,1265,684,726,310,561,134,2879,4,30,34,1,16,3,14,2,18,6825,141379,0.12,74.53,84.68,0.4,0.34,0.75,31.68,10.0,21.68,37.21,11.79,25.41,0.46,0.28,0.65,0.06,0.18,0.1,14.47,17.44,0.83,4.18,8.38,165.29,595,161.79,34.43,482,67.64,947,20.14,282,8.21,115,6364,454.57,1
10,ATL,EA,2,Y,L,,,1089,2428,569,755,114,374,404,855,1259,547,741,329,590,121,2861,996,2363,624,807,181,530,353,821,1174,615,700,347,601,133,2797,18,16,34,12,5,6,11,10,12,6950,120737,0.53,84.15,82.26,0.45,0.3,0.75,37.03,11.88,25.15,34.53,10.38,24.15,0.52,0.33,0.71,0.71,0.35,0.45,16.09,17.35,0.93,3.56,9.68,220.08,488,175.99,42.08,547,96.85,1259,25.31,329,9.31,121,6951,534.69,0
1,CHA,EA,8,N,,,,812,1903,431,577,131,386,305,630,935,551,713,222,496,90,2186,879,1930,533,716,138,423,326,664,990,596,596,259,426,123,2429,8,24,32,5,11,3,13,5,16,6475,90963,0.25,68.31,75.91,0.43,0.34,0.75,29.22,9.53,19.69,30.94,10.19,20.75,0.49,0.31,0.66,0.31,0.19,0.24,17.22,15.5,1.11,2.81,6.94,168.15,565,157.09,42.38,551,71.92,935,17.08,222,6.92,90,6475,498.08,1
2,CHA,EA,4,Y,W,W,L,746,1780,410,528,153,428,309,639,948,467,605,217,474,114,2055,732,1846,431,562,114,369,344,567,911,443,579,257,447,124,2009,18,14,32,11,5,7,9,15,6,6500,105525,0.56,64.22,62.78,0.42,0.36,0.78,29.62,9.66,19.97,28.47,10.75,17.72,0.51,0.35,0.65,0.69,0.44,0.71,14.59,14.81,0.99,3.56,6.78,171.25,450,141.23,38.92,467,79.0,948,18.08,217,9.5,114,6500,541.67,1
3,CHA,EA,2,Y,L,,,770,1790,490,663,211,527,302,653,955,496,647,241,408,105,2241,778,1807,444,598,133,372,295,620,915,489,600,208,424,103,2133,18,14,32,11,5,7,9,12,9,6450,106670,0.56,70.03,66.66,0.43,0.4,0.74,29.84,9.44,20.41,28.59,9.22,19.38,0.51,0.33,0.69,0.69,0.44,0.57,15.5,12.75,1.22,3.28,7.53,165.08,411,161.32,36.77,478,66.46,864,17.54,228,6.92,90,6058,466.0,1
4,CHA,EA,2,Y,L,,,787,1881,456,590,187,517,342,629,971,499,697,279,497,115,2217,790,1902,477,667,138,407,386,621,1007,491,606,264,469,104,2195,18,16,34,13,4,5,12,12,12,6850,120061,0.53,65.21,64.56,0.42,0.36,0.77,28.56,10.06,18.5,29.62,11.35,18.26,0.49,0.36,0.62,0.76,0.29,0.5,14.68,14.62,1.0,3.38,8.21,200.73,422,130.88,45.09,496,87.91,967,25.36,279,10.45,115,6806,618.73,0
5,CHA,EA,5,N,,,,745,1744,436,590,166,459,256,616,872,426,648,210,479,134,2092,800,1932,438,587,130,349,368,628,996,516,595,243,437,114,2168,16,18,34,10,7,6,11,8,12,6900,116383,0.47,61.53,63.76,0.43,0.36,0.74,25.65,7.53,18.12,29.29,10.82,18.47,0.47,0.29,0.63,0.59,0.35,0.4,12.53,14.09,0.89,3.94,6.18,149.43,388,137.4,30.43,426,62.29,872,15.0,210,9.57,134,6900,492.86,0
6,CHA,EA,6,N,,,,772,1913,447,624,104,301,316,609,925,493,727,284,535,113,2095,851,1888,509,713,124,339,355,700,1055,496,654,269,534,146,2335,6,28,34,5,12,1,16,4,16,6945,98054,0.18,61.62,68.68,0.4,0.35,0.72,27.21,9.29,17.91,31.03,10.44,20.59,0.47,0.31,0.63,0.29,0.06,0.2,14.5,15.74,0.92,3.32,8.35,130.94,421,134.83,30.81,493,57.81,925,17.75,284,7.06,113,6945,434.06,0
7,CHA,EA,6,N,,,,864,2178,552,777,176,544,347,747,1094,527,734,315,574,155,2456,911,2149,594,791,155,465,370,870,1240,522,707,286,619,125,2571,11,23,34,7,10,4,13,6,14,6825,106942,0.32,72.24,75.62,0.4,0.32,0.71,32.18,10.21,21.97,36.47,10.88,25.59,0.47,0.29,0.67,0.41,0.24,0.3,15.5,16.88,0.92,4.56,9.26,204.67,445,145.97,43.92,527,91.17,1094,26.25,315,12.92,155,6825,568.75,0
7,CHI,EA,7,N,,,,858,2175,449,643,157,536,357,680,1037,509,674,277,527,125,2322,971,2147,545,736,200,536,379,860,1239,623,584,262,535,120,2687,5,29,34,3,14,2,15,4,16,6800,57635,0.15,68.29,79.03,0.39,0.29,0.7,30.5,10.5,20.0,36.44,11.15,25.29,0.46,0.29,0.64,0.18,0.12,0.2,14.97,15.5,0.97,3.68,8.15,154.8,467,133.14,33.93,509,69.13,1037,18.47,277,8.33,125,6800,453.33,0
8,CHI,EA,6,N,,,,925,2277,489,723,186,544,383,782,1165,597,634,262,510,112,2525,963,2243,501,642,184,481,379,846,1225,584,683,242,566,138,2611,14,20,34,6,11,8,9,6,14,6972,66557,0.41,74.26,76.79,0.41,0.34,0.68,34.26,11.26,23.0,36.03,11.15,24.88,0.49,0.31,0.67,0.35,0.47,0.3,17.56,15.0,1.17,3.29,7.71,180.36,544,162.86,42.64,597,83.21,1165,18.71,262,8.0,112,6975,498.21,0
9,CHI,EA,5,N,,,,899,2100,564,812,110,341,357,770,1127,548,639,269,525,149,2472,917,2203,506,655,170,508,366,794,1160,531,681,255,522,124,2510,12,22,34,8,9,4,13,10,10,6875,62146,0.35,72.71,73.82,0.43,0.32,0.69,33.15,10.5,22.65,34.12,10.76,23.35,0.49,0.31,0.68,0.47,0.24,0.5,16.12,15.44,1.04,4.38,7.91,190.15,577,187.61,42.15,548,86.69,1127,20.69,269,11.46,149,6875,528.85,0
10,CHI,EA,5,N,,,,930,2136,527,693,186,471,307,776,1083,532,605,249,532,138,2573,1004,2269,479,613,206,593,359,797,1156,610,636,273,489,121,2693,16,18,34,12,5,4,13,10,12,6825,66852,0.47,75.68,79.21,0.44,0.39,0.76,31.85,9.03,22.82,34.0,10.56,23.44,0.48,0.28,0.68,0.71,0.24,0.45,15.65,15.65,1.0,4.06,7.32,209.42,534,153.46,44.08,529,87.5,1050,20.33,244,11.17,134,6674,556.17,0
1,CLE,EA,2,Y,W,L,,809,1828,426,570,141,407,331,603,934,539,647,259,538,91,2185,774,1761,455,583,119,368,277,596,873,540,693,305,552,95,2122,17,15,32,13,3,4,12,13,8,6500,137532,0.53,68.28,66.31,0.44,0.35,0.75,29.19,10.34,18.84,27.28,8.66,18.62,0.52,0.36,0.69,0.81,0.25,0.62,16.84,16.81,1.0,2.84,8.09,168.08,373,123.47,41.46,539,71.85,934,19.92,259,7.0,91,6500,500.0,1
2,CLE,EA,1,Y,L,,,763,1770,372,505,106,335,297,662,959,503,532,267,444,83,2004,664,1745,328,444,132,417,297,594,891,434,597,225,496,127,1788,22,10,32,14,2,8,8,15,6,6425,147373,0.69,62.62,55.88,0.43,0.32,0.74,29.97,9.28,20.69,27.84,9.28,18.56,0.52,0.33,0.69,0.88,0.5,0.71,15.72,13.88,1.13,2.59,8.34,133.6,404,124.84,33.53,503,63.93,959,17.8,267,5.53,83,6425,428.33,0
3,CLE,EA,7,N,,,,760,1820,430,553,121,374,295,674,969,480,567,221,451,83,2071,797,1834,397,521,149,441,278,640,918,530,613,242,428,109,2140,10,22,32,4,12,6,10,7,14,6550,149084,0.31,64.72,66.88,0.42,0.32,0.78,30.28,9.22,21.06,28.69,8.69,20.0,0.51,0.32,0.71,0.25,0.38,0.33,15.0,14.09,1.06,2.59,6.91,159.31,399,157.46,36.92,480,74.54,969,17.0,221,6.38,83,6550,503.85,1
4,CLE,EA,4,Y,L,,,815,1975,464,643,135,425,349,720,1069,517,639,226,466,86,2229,809,1927,465,607,127,355,300,704,1004,510,659,223,467,135,2210,17,17,34,11,6,6,11,13,11,6825,125793,0.5,65.56,65.0,0.41,0.32,0.72,31.44,10.26,21.18,29.53,8.82,20.71,0.52,0.33,0.71,0.65,0.35,0.54,15.21,13.71,1.11,2.53,6.65,202.64,444,146.53,47.0,517,97.18,1069,20.55,226,7.82,86,6825,620.45,0
4,CON,EA,3,Y,W,L,,864,2102,479,646,177,549,333,762,1095,520,663,270,434,111,2384,864,2104,509,673,172,536,366,812,1178,553,669,252,476,88,2409,18,16,34,10,7,8,9,11,13,6875,102433,0.53,70.12,70.85,0.41,0.32,0.74,32.21,9.79,22.41,34.65,10.76,23.88,0.48,0.29,0.68,0.59,0.47,0.46,15.29,12.76,1.2,3.26,7.94,216.73,548,170.91,47.27,520,99.55,1095,24.55,270,10.09,111,6875,625.0,1
5,CON,EA,1,Y,W,W,L,876,2051,434,590,149,467,321,724,1045,572,610,299,462,96,2335,858,1996,443,599,145,384,306,757,1063,565,627,239,492,113,2304,18,16,34,10,7,8,9,14,6,6900,114017,0.53,68.68,67.76,0.43,0.32,0.74,30.74,9.44,21.29,31.26,9.0,22.26,0.5,0.3,0.7,0.59,0.47,0.7,16.82,13.59,1.24,2.82,8.79,212.27,517,174.94,52.0,572,95.0,1045,27.18,299,8.73,96,6900,627.27,1
6,CON,EA,1,Y,W,W,W,916,2025,512,688,130,373,322,788,1110,573,624,236,452,130,2474,835,2100,452,599,122,400,350,728,1078,495,675,258,442,79,2244,26,8,34,14,3,12,5,13,7,6800,121944,0.76,72.76,66.0,0.45,0.35,0.74,32.65,9.47,23.18,31.71,10.29,21.41,0.51,0.31,0.69,0.82,0.71,0.65,16.85,13.29,1.27,3.82,6.94,206.17,532,200.17,47.75,573,92.5,1110,19.67,236,10.83,130,6800,566.67,1
7,CON,EA,1,Y,W,L,,982,2216,545,675,174,510,342,926,1268,630,530,252,514,153,2683,948,2357,358,500,163,508,370,783,1153,528,646,273,486,103,2417,26,8,34,14,3,12,5,15,5,6825,126096,0.76,78.91,71.09,0.44,0.34,0.81,37.29,10.06,27.24,33.91,10.88,23.03,0.52,0.3,0.71,0.82,0.71,0.75,18.53,15.12,1.23,4.5,7.41,191.64,525,174.8,45.0,630,90.57,1268,18.0,252,10.93,153,6827,487.64,1
8,CON,EA,3,Y,L,,,1001,2327,478,615,195,572,354,868,1222,619,641,272,540,156,2675,976,2317,475,626,166,485,337,842,1179,581,633,246,524,85,2593,18,16,34,8,9,10,7,10,10,6925,135490,0.53,78.68,76.26,0.43,0.34,0.78,35.94,10.41,25.53,34.68,9.91,24.76,0.51,0.3,0.72,0.47,0.59,0.5,18.21,15.88,1.15,4.59,8.0,205.77,577,189.82,47.62,619,94.0,1222,20.92,272,12.0,156,6924,532.62,1
9,CON,EA,2,Y,L,,,965,2286,539,723,221,669,370,869,1239,607,629,211,487,97,2690,955,2284,472,638,159,496,360,840,1200,554,703,252,499,104,2541,21,13,34,13,4,8,9,13,7,6850,129951,0.62,79.12,74.74,0.42,0.33,0.75,36.44,10.88,25.56,35.29,10.59,24.71,0.51,0.31,0.71,0.76,0.47,0.65,17.85,14.32,1.25,2.85,6.21,200.46,561,177.52,45.69,594,87.69,1140,15.46,201,7.38,96,6477,498.23,0
10,CON,EA,6,N,,,,966,2381,517,692,202,639,358,826,1184,608,677,250,453,130,2651,953,2236,591,746,157,488,329,945,1274,525,684,248,549,125,2654,16,18,34,12,5,4,13,10,12,6975,115496,0.47,77.97,78.06,0.41,0.32,0.75,34.82,10.53,24.29,37.47,9.68,27.79,0.48,0.27,0.72,0.71,0.24,0.45,17.88,13.32,1.34,3.82,7.35,189.36,419,137.54,43.43,608,84.57,1184,17.86,250,9.29,130,6976,498.29,0
1,DET,EA,5,N,,,,868,1980,519,699,76,273,341,644,985,503,701,260,530,88,2331,905,1967,480,652,136,372,331,640,971,513,672,284,543,148,2426,14,18,32,8,8,6,10,10,11,6425,107289,0.44,72.84,75.81,0.44,0.28,0.74,30.78,10.66,20.12,30.34,10.34,20.0,0.5,0.35,0.66,0.5,0.38,0.48,15.72,16.56,0.95,2.75,8.12,179.31,441,129.51,38.69,503,75.77,985,20.0,260,6.77,88,6425,494.23,0
2,DET,EA,7,N,,,,774,1914,412,542,143,405,324,621,945,469,602,225,498,82,2103,848,1837,446,583,127,340,279,702,981,438,591,262,483,109,2269,10,22,32,6,10,4,12,7,14,6550,109348,0.31,65.72,70.91,0.4,0.35,0.76,29.53,10.12,19.41,30.66,8.72,21.94,0.49,0.32,0.69,0.38,0.25,0.33,14.66,15.56,0.94,2.56,7.03,175.25,376,103.33,39.08,469,78.75,945,18.75,225,6.83,82,6550,545.83,0
3,DET,EA,8,N,,,,766,1919,472,651,110,364,360,719,1079,478,609,201,541,132,2114,828,1984,464,605,146,447,314,669,983,465,637,277,443,139,2266,9,23,32,7,9,2,14,6,15,6450,94171,0.28,66.06,70.81,0.4,0.3,0.73,33.72,11.25,22.47,30.72,9.81,20.91,0.52,0.35,0.7,0.44,0.12,0.29,14.94,16.91,0.88,4.12,6.28,140.93,474,127.87,31.87,478,71.93,1079,13.4,201,8.8,132,6450,430.0,1
4,DET,EA,1,Y,W,W,W,902,2004,624,882,125,323,379,851,1230,545,605,263,608,158,2553,911,2286,412,556,161,541,390,674,1064,504,774,309,497,129,2395,25,9,34,13,4,12,5,18,6,6900,133647,0.74,75.09,70.44,0.45,0.39,0.71,36.18,11.15,25.03,31.29,11.47,19.82,0.54,0.36,0.69,0.76,0.71,0.75,16.03,17.88,0.9,4.65,7.74,196.38,548,181.17,41.92,545,94.62,1230,20.23,263,12.15,158,6900,530.77,1
5,DET,EA,3,Y,L,,,874,2097,556,792,62,209,397,773,1170,564,648,277,513,148,2366,860,2098,470,609,191,533,325,730,1055,515,728,289,496,131,2381,17,17,34,8,9,9,8,11,9,6850,160860,0.5,69.59,70.03,0.42,0.3,0.7,34.41,11.68,22.74,31.03,9.56,21.47,0.53,0.35,0.7,0.47,0.53,0.55,16.59,15.09,1.1,4.35,8.15,157.73,526,179.9,37.6,564,78.0,1170,18.47,277,9.87,148,6850,456.67,1
6,DET,EA,4,Y,L,,,831,2060,509,774,76,238,412,803,1215,474,761,241,571,155,2247,784,1945,565,754,154,456,273,745,1018,473,744,272,520,136,2287,16,18,34,12,5,4,13,11,9,6925,159356,0.47,66.09,67.26,0.4,0.32,0.66,35.74,12.12,23.62,29.94,8.03,21.91,0.54,0.36,0.75,0.71,0.24,0.55,13.94,16.79,0.83,4.56,7.09,149.8,524,137.89,31.6,474,81.0,1215,16.07,241,10.33,155,6925,461.67,1
7,DET,EA,2,Y,W,W,W,919,2220,553,746,136,414,406,880,1286,572,711,213,537,137,2527,840,2165,529,702,175,561,324,760,1084,474,733,275,506,108,2384,23,11,34,14,3,9,8,14,6,6825,159453,0.68,74.32,70.12,0.41,0.33,0.74,37.82,11.94,25.88,31.88,9.53,22.35,0.54,0.35,0.73,0.82,0.53,0.7,16.82,15.79,1.07,4.03,6.26,194.38,468,174.47,44.0,572,98.92,1286,16.38,213,10.54,137,6825,525.0,1
8,DET,EA,1,Y,W,W,L,972,2261,595,785,158,442,380,931,1311,563,702,227,564,117,2697,895,2262,547,718,203,610,309,780,1089,546,767,276,529,117,2540,24,10,34,12,5,12,5,14,6,6850,165738,0.71,79.32,74.71,0.43,0.36,0.76,38.56,11.18,27.38,32.03,9.09,22.94,0.55,0.33,0.75,0.71,0.71,0.7,16.56,16.59,1.0,3.44,6.68,180.0,553,188.22,39.71,556,81.79,1145,15.71,220,6.57,92,6402,457.29,1
9,DET,EA,1,Y,W,W,W,974,2295,556,744,168,476,405,843,1248,604,724,278,496,118,2672,872,2151,563,740,215,616,324,761,1085,520,762,229,572,119,2522,22,12,34,14,3,8,9,16,4,6875,162669,0.65,78.59,74.18,0.42,0.35,0.75,36.71,11.91,24.79,31.91,9.53,22.38,0.53,0.35,0.72,0.82,0.47,0.8,17.76,14.59,1.22,3.47,8.18,140.63,538,168.33,31.79,604,65.68,1248,14.63,278,6.21,118,6875,361.84,1
10,DET,EA,3,Y,W,L,,980,2277,539,721,153,436,373,853,1226,575,766,261,546,97,2652,902,2201,632,813,208,611,320,781,1101,524,716,279,531,110,2644,18,16,34,11,6,7,10,11,11,6975,136069,0.53,78.0,77.76,0.43,0.35,0.75,36.06,10.97,25.09,32.38,9.41,22.97,0.53,0.32,0.73,0.65,0.41,0.5,16.91,16.06,1.05,2.85,7.68,147.33,559,175.42,31.94,575,68.11,1226,14.5,261,5.39,97,6976,387.56,0
1,HOU,WE,2,Y,W,W,W,891,1894,521,634,172,491,273,724,997,494,554,284,440,104,2475,786,1938,370,508,124,418,290,612,902,473,648,233,480,85,2066,27,5,32,14,2,13,3,17,4,6475,196077,0.84,77.34,64.56,0.47,0.35,0.82,31.16,8.53,22.62,28.19,9.06,19.12,0.53,0.31,0.71,0.88,0.81,0.81,15.44,13.75,1.12,3.25,8.88,206.25,643,234.53,41.17,494,83.08,997,23.67,284,8.67,104,6475,539.58,1
2,HOU,WE,4,Y,L,,,747,1908,415,539,138,435,348,710,1058,426,509,251,436,95,2047,740,1883,362,504,152,456,297,685,982,452,561,248,433,120,1994,19,13,32,11,5,8,8,13,8,6450,181115,0.59,63.97,62.31,0.39,0.32,0.77,33.06,10.88,22.19,30.69,9.28,21.41,0.52,0.34,0.71,0.69,0.5,0.62,13.31,13.62,0.98,2.97,7.84,186.09,591,202.52,38.73,426,96.18,1058,22.82,251,8.64,95,6450,586.36,1
3,HOU,WE,2,Y,L,,,755,1778,453,585,109,332,299,702,1001,450,467,260,455,126,2072,705,1880,331,452,151,489,309,664,973,446,606,262,464,71,1892,24,8,32,14,2,10,6,16,5,6425,188648,0.75,64.75,59.12,0.42,0.33,0.77,31.28,9.34,21.94,30.41,9.66,20.75,0.51,0.31,0.69,0.88,0.62,0.76,14.06,14.22,0.99,3.94,8.12,148.0,592,192.49,32.14,450,71.5,1001,18.57,260,9.0,126,6425,458.93,1
4,HOU,WE,2,Y,L,,,828,1916,473,600,115,344,266,764,1030,465,490,231,450,129,2244,824,2030,325,448,169,500,298,708,1006,516,634,227,430,122,2142,20,14,34,14,3,6,11,14,10,6825,150203,0.59,66.0,63.0,0.43,0.33,0.79,30.29,7.82,22.47,29.59,8.76,20.82,0.51,0.27,0.72,0.82,0.35,0.58,13.68,13.24,1.03,3.79,6.79,187.0,484,180.35,38.75,465,85.83,1030,19.25,231,10.75,129,6825,568.75,0
5,HOU,WE,6,N,,,,798,1933,458,615,123,358,311,724,1035,451,555,242,484,107,2177,834,2008,391,531,152,434,335,720,1055,539,655,258,471,129,2211,13,21,34,9,8,4,13,7,15,6850,137455,0.38,64.03,65.03,0.41,0.34,0.74,30.44,9.15,21.29,31.03,9.85,21.18,0.5,0.3,0.68,0.53,0.24,0.32,13.26,14.24,0.93,3.15,7.12,167.46,520,166.35,34.69,451,79.62,1035,18.62,242,8.23,107,6850,526.92,1
6,HOU,WE,3,Y,W,L,,860,1920,527,690,62,205,276,684,960,467,581,246,425,105,2309,848,1944,419,559,148,423,274,687,961,541,685,197,481,111,2263,19,15,34,11,6,8,9,11,11,6875,120676,0.56,67.91,66.56,0.45,0.3,0.76,28.24,8.12,20.12,28.26,8.06,20.21,0.5,0.29,0.71,0.65,0.47,0.5,13.74,12.5,1.1,3.09,7.24,164.93,614,179.85,33.36,467,68.57,960,17.57,246,7.5,105,6875,491.07,1
7,HOU,WE,3,Y,L,,,928,2098,482,678,169,472,303,822,1125,532,617,252,566,84,2507,928,2232,445,615,148,496,337,787,1124,526,705,298,519,89,2449,18,16,34,12,5,6,11,11,9,6925,130586,0.53,73.74,72.03,0.44,0.36,0.71,33.09,8.91,24.18,33.06,9.91,23.15,0.5,0.28,0.71,0.71,0.35,0.55,15.65,16.65,0.94,2.47,7.41,186.77,482,164.65,39.69,516,81.62,1061,18.54,241,6.23,81,6651,511.62,0
8,HOU,WE,5,N,,,,915,2149,554,721,126,365,374,770,1144,558,655,289,633,109,2510,924,2190,578,719,202,581,342,721,1063,588,677,310,568,160,2628,13,21,34,7,10,6,11,10,12,6800,138816,0.38,73.82,77.29,0.43,0.35,0.77,33.65,11.0,22.65,31.26,10.06,21.21,0.52,0.34,0.69,0.41,0.35,0.45,16.41,18.62,0.88,3.21,8.5,165.87,639,169.0,36.87,553,74.4,1116,18.93,284,6.87,103,6698,446.53,0
9,HOU,WE,5,N,,,,923,2213,563,736,152,481,376,803,1179,556,728,295,599,120,2561,903,2186,582,781,218,580,349,743,1092,542,744,313,555,165,2606,17,17,34,13,4,4,13,10,10,6925,111951,0.5,75.32,76.65,0.42,0.32,0.76,34.68,11.06,23.62,32.12,10.26,21.85,0.52,0.34,0.7,0.76,0.24,0.5,16.35,17.62,0.93,3.53,8.68,174.21,542,150.71,38.43,538,78.71,1102,20.14,282,7.93,111,6560,468.57,0
1,IND,EA,7,N,,,,796,1838,428,569,193,521,285,647,932,501,642,271,518,126,2213,839,1868,503,669,109,358,321,633,954,528,612,267,476,75,2290,9,23,32,5,11,4,12,7,14,6425,180270,0.28,69.16,71.56,0.43,0.37,0.75,29.12,8.91,20.22,29.81,10.03,19.78,0.49,0.31,0.67,0.31,0.25,0.33,15.66,16.19,0.97,3.94,8.47,147.53,370,146.08,33.4,501,62.13,932,18.07,271,8.4,126,6425,428.33,0
2,IND,EA,6,N,,,,762,1822,472,591,157,446,286,649,935,458,600,242,491,118,2153,853,1899,412,583,131,367,306,660,966,565,616,256,466,140,2249,10,22,32,7,9,3,13,7,14,6475,138922,0.31,67.28,70.28,0.42,0.35,0.8,29.22,8.94,20.28,30.19,9.56,20.62,0.49,0.3,0.68,0.44,0.19,0.33,14.31,15.34,0.93,3.69,7.56,165.62,380,104.5,35.23,458,71.92,935,18.62,242,9.08,118,6475,498.08,1
3,IND,EA,4,Y,L,,,731,1825,455,580,180,543,315,633,948,447,559,268,438,100,2097,804,1817,359,503,162,464,288,644,932,507,647,226,470,145,2129,16,16,32,10,6,6,10,12,9,6425,134945,0.5,65.53,66.53,0.4,0.33,0.78,29.62,9.84,19.78,29.12,9.0,20.12,0.5,0.33,0.69,0.62,0.38,0.57,13.97,13.69,1.02,3.12,8.38,161.31,594,164.67,34.38,447,72.92,948,20.62,268,7.69,100,6425,494.23,0
4,IND,EA,5,N,,,,839,2011,449,563,210,600,334,654,988,539,668,299,474,121,2337,837,1908,490,638,157,421,309,677,986,570,631,227,512,170,2321,16,18,34,11,6,5,12,12,12,6875,141778,0.47,68.74,68.26,0.42,0.35,0.8,29.06,9.82,19.24,29.0,9.09,19.91,0.5,0.33,0.68,0.65,0.29,0.5,15.85,13.94,1.14,3.56,8.79,179.77,671,191.58,41.46,539,76.0,988,23.0,299,9.31,121,6875,528.85,0
5,IND,EA,6,N,,,,791,2011,450,580,166,481,396,705,1101,555,639,261,486,134,2198,804,1865,516,695,121,352,281,688,969,514,603,268,466,162,2245,15,19,34,10,7,5,12,8,12,6850,128989,0.44,64.65,66.03,0.39,0.35,0.78,32.38,11.65,20.74,28.5,8.26,20.24,0.53,0.37,0.72,0.59,0.29,0.4,16.32,14.29,1.14,3.94,7.68,183.17,568,169.57,46.25,555,91.75,1101,21.75,261,11.17,134,6850,570.83,1
6,IND,EA,2,Y,W,L,,784,1958,452,595,150,468,341,671,1012,493,668,336,477,95,2170,775,1798,460,642,123,367,279,711,990,435,644,234,558,113,2133,21,13,34,14,3,7,10,14,6,6925,142494,0.62,63.82,62.74,0.4,0.32,0.76,29.76,10.03,19.74,29.12,8.21,20.91,0.51,0.32,0.71,0.82,0.41,0.7,14.5,14.03,1.03,2.79,9.88,180.83,501,145.46,41.08,493,84.33,1012,28.0,336,7.92,95,6925,577.08,1
7,IND,EA,3,Y,L,,,873,2144,518,676,171,551,339,755,1094,501,606,354,528,93,2435,883,2043,413,559,137,444,288,773,1061,507,685,259,617,105,2316,21,13,34,12,5,9,8,12,8,6850,122768,0.62,71.62,68.12,0.41,0.31,0.77,32.18,9.97,22.21,31.21,8.47,22.74,0.51,0.3,0.72,0.71,0.53,0.6,14.74,15.53,0.95,2.74,10.41,202.92,528,186.98,41.75,501,91.17,1094,29.5,354,7.75,93,6850,570.83,1
8,IND,EA,2,Y,W,L,,907,2167,478,617,188,546,341,812,1153,511,646,308,589,136,2480,881,2192,450,608,158,483,369,795,1164,475,663,280,610,114,2370,21,13,34,12,5,9,8,12,8,6875,133915,0.62,72.94,69.71,0.42,0.34,0.77,33.91,10.03,23.88,34.24,10.85,23.38,0.5,0.3,0.69,0.71,0.53,0.6,15.03,17.32,0.87,4.0,9.06,206.67,409,145.1,42.58,511,96.08,1153,25.67,308,11.33,136,6874,572.83,1
9,IND,EA,4,Y,L,,,876,2179,495,656,226,662,349,778,1127,500,727,324,585,165,2473,891,2127,540,706,135,415,338,833,1171,477,659,294,608,130,2457,17,17,34,11,6,6,11,12,8,6950,130941,0.5,72.74,72.26,0.4,0.34,0.75,33.15,10.26,22.88,34.44,9.94,24.5,0.49,0.3,0.7,0.65,0.35,0.6,14.71,17.21,0.85,4.85,9.53,164.87,516,169.19,33.33,500,75.13,1127,21.6,324,11.0,165,6952,463.47,1
10,IND,EA,1,Y,W,W,L,890,2212,613,746,213,637,342,780,1122,527,692,373,531,117,2606,909,2118,529,692,154,483,318,849,1167,498,700,271,638,116,2501,22,12,34,14,3,8,9,17,5,6925,134964,0.65,76.65,73.56,0.4,0.33,0.82,33.0,10.06,22.94,34.32,9.35,24.97,0.49,0.29,0.71,0.82,0.47,0.77,15.5,15.62,0.99,3.44,10.97,186.14,547,178.02,37.64,527,80.14,1122,26.64,373,8.36,117,6924,494.57,0
1,LAS,WE,1,Y,W,L,,861,1956,545,693,150,452,308,783,1091,586,705,271,466,156,2417,776,1963,495,692,122,413,300,678,978,445,650,243,485,105,2169,28,4,32,15,1,13,3,17,4,6450,105005,0.88,75.53,67.78,0.44,0.33,0.79,34.09,9.62,24.47,30.56,9.38,21.19,0.53,0.31,0.72,0.94,0.81,0.81,18.31,14.56,1.26,4.88,8.47,219.73,570,178.86,53.27,586,99.18,1091,24.64,271,14.18,156,6450,586.36,1
2,LAS,WE,1,Y,W,W,W,916,2031,449,594,160,436,350,755,1105,596,616,281,438,138,2441,779,1985,416,547,192,603,294,627,921,538,591,234,453,114,2166,28,4,32,16,0,12,4,19,2,6475,148446,0.88,76.28,67.69,0.45,0.37,0.76,34.53,10.94,23.59,28.78,9.19,19.59,0.55,0.36,0.72,1.0,0.75,0.9,18.62,13.69,1.36,4.31,8.78,221.91,606,181.1,54.18,596,100.45,1105,25.55,281,12.55,138,6475,588.64,1
3,LAS,WE,1,Y,W,W,W,891,2002,476,645,194,515,329,814,1143,583,664,257,517,161,2452,796,2040,480,649,163,521,314,645,959,508,623,275,453,111,2235,25,7,32,12,4,13,3,17,4,6475,186410,0.78,76.62,69.84,0.45,0.38,0.74,35.72,10.28,25.44,29.97,9.81,20.16,0.54,0.34,0.72,0.75,0.81,0.81,18.22,16.16,1.13,5.03,8.03,188.62,539,192.03,44.85,583,87.92,1143,19.77,257,12.38,161,6475,498.08,1
4,LAS,WE,1,Y,W,W,L,894,2140,537,678,174,528,336,813,1149,587,682,242,470,161,2499,866,2147,504,702,196,540,316,789,1105,572,654,241,468,127,2432,24,10,34,11,6,13,4,17,7,6900,157934,0.71,73.5,71.53,0.42,0.33,0.79,33.79,9.88,23.91,32.5,9.29,23.21,0.51,0.3,0.72,0.65,0.76,0.71,17.26,13.82,1.25,4.74,7.12,166.6,441,185.45,39.13,587,76.6,1149,16.13,242,10.73,161,6900,460.0,1
5,LAS,WE,1,Y,L,,,904,2069,530,722,157,414,312,809,1121,626,731,262,529,148,2495,815,2095,557,761,174,511,339,727,1066,532,704,288,523,114,2361,25,9,34,15,2,10,7,16,6,6975,177269,0.74,73.38,69.44,0.44,0.38,0.73,32.97,9.18,23.79,31.35,9.97,21.38,0.51,0.3,0.7,0.88,0.59,0.73,18.41,15.56,1.18,4.35,7.71,191.92,598,186.72,48.15,626,86.23,1121,20.15,262,11.38,148,6975,536.54,1
6,LAS,WE,4,Y,L,,,873,2042,456,630,124,387,321,683,1004,551,737,264,492,136,2326,818,1955,527,709,182,519,332,709,1041,567,654,247,544,115,2345,17,17,34,11,6,6,11,12,10,6800,150521,0.5,68.41,68.97,0.43,0.32,0.72,29.53,9.44,20.09,30.62,9.76,20.85,0.49,0.31,0.67,0.65,0.35,0.55,16.21,14.47,1.12,4.0,7.76,166.14,561,180.56,39.36,551,71.71,1004,18.86,264,9.71,136,6800,485.71,1
7,LAS,WE,1,Y,W,L,,962,2195,540,726,111,377,350,852,1202,610,679,296,534,129,2575,873,2184,534,721,196,570,336,746,1082,565,636,284,556,128,2476,25,9,34,15,2,10,7,15,5,6825,141282,0.74,75.74,72.82,0.44,0.29,0.74,35.35,10.29,25.06,31.82,9.88,21.94,0.53,0.32,0.72,0.88,0.59,0.75,17.94,15.71,1.14,3.79,8.71,183.93,680,179.5,43.57,610,85.86,1202,21.14,296,9.21,129,6825,487.5,0
8,LAS,WE,7,N,,,,940,2305,493,627,160,456,356,783,1139,554,732,245,571,107,2533,954,2212,609,800,191,537,343,836,1179,616,605,290,550,137,2708,10,24,34,5,12,5,12,6,16,6900,147810,0.29,74.5,79.65,0.41,0.35,0.79,33.5,10.47,23.03,34.68,10.09,24.59,0.49,0.3,0.7,0.29,0.29,0.27,16.29,16.79,0.97,3.15,7.21,168.87,327,113.52,36.93,554,75.93,1139,16.33,245,7.13,107,6900,460.0,1
9,LAS,WE,3,Y,W,L,,954,2248,539,717,151,485,386,896,1282,613,713,251,608,216,2598,888,2310,562,751,185,547,359,768,1127,513,717,303,523,141,2523,20,14,34,12,5,8,9,12,8,7000,161639,0.59,76.41,74.21,0.42,0.31,0.75,37.71,11.35,26.35,33.15,10.56,22.59,0.53,0.33,0.71,0.71,0.47,0.6,18.03,17.88,1.01,6.35,7.38,173.2,610,194.0,40.87,613,85.47,1282,16.73,251,14.4,216,7002,466.8,1
10,LAS,WE,3,Y,W,L,,973,2264,435,550,152,512,365,883,1248,587,583,217,568,166,2533,903,2262,479,623,213,636,320,730,1050,516,622,300,463,115,2498,18,16,34,11,6,7,10,11,9,6925,176587,0.53,74.5,73.47,0.43,0.3,0.79,36.71,10.74,25.97,30.88,9.41,21.47,0.54,0.33,0.73,0.65,0.41,0.55,17.26,16.71,1.03,4.88,6.38,230.27,441,135.46,53.36,587,113.45,1248,19.73,217,15.09,166,6925,629.55,0
1,MIA,EA,6,N,,,,647,1774,452,664,85,310,365,595,960,415,707,272,524,88,1831,715,1676,454,627,117,315,275,648,923,416,661,247,528,118,2001,13,19,32,9,7,4,12,9,12,6475,127721,0.41,57.22,62.53,0.36,0.27,0.68,30.0,11.41,18.59,28.84,8.59,20.25,0.51,0.36,0.68,0.56,0.25,0.43,12.97,16.38,0.79,2.75,8.5,140.85,396,105.57,31.92,415,73.85,960,20.92,272,6.77,88,6475,498.08,1
2,MIA,EA,3,Y,L,,,754,1826,356,469,93,295,292,651,943,467,602,300,448,153,1957,679,1725,420,588,120,395,301,667,968,388,538,259,512,87,1898,20,12,32,10,6,10,6,14,7,6575,141717,0.62,61.16,59.31,0.41,0.32,0.76,29.47,9.12,20.34,30.25,9.41,20.84,0.49,0.3,0.68,0.62,0.62,0.67,14.59,14.0,1.04,4.78,9.38,163.08,444,153.93,38.92,467,78.58,943,25.0,300,12.75,153,6575,547.92,0
3,MIA,EA,6,N,,,,774,1856,369,529,129,389,296,573,869,476,643,274,435,96,2046,745,1722,469,614,129,382,278,693,971,446,588,222,515,104,2088,15,17,32,9,7,6,10,11,10,6475,141252,0.47,63.94,65.25,0.42,0.33,0.7,27.16,9.25,17.91,30.34,8.69,21.66,0.47,0.3,0.67,0.56,0.38,0.52,14.88,13.59,1.09,3.0,8.56,136.4,463,132.47,31.73,476,57.93,869,18.27,274,6.4,96,6475,431.67,0
1,MIN,WE,6,N,,,,770,1831,449,592,204,571,258,612,870,495,690,237,497,63,2193,755,1758,514,702,164,481,300,677,977,472,707,275,547,130,2188,15,17,32,8,8,7,9,5,16,6425,116638,0.47,68.53,68.38,0.42,0.36,0.76,27.19,8.06,19.12,30.53,9.38,21.16,0.47,0.28,0.67,0.5,0.44,0.24,15.47,15.53,1.0,1.97,7.41,168.69,646,202.53,38.08,495,66.92,870,18.23,237,4.85,63,6425,494.23,0
2,MIN,WE,6,N,,,,671,1810,559,727,176,552,308,693,1001,437,695,210,507,127,2077,752,1927,499,624,153,472,328,688,1016,511,719,259,470,126,2156,12,20,32,6,10,6,10,9,12,6475,120607,0.38,64.91,67.38,0.37,0.32,0.77,31.28,9.62,21.66,31.75,10.25,21.5,0.5,0.31,0.68,0.38,0.38,0.43,13.66,15.84,0.86,3.97,6.56,157.83,739,201.79,31.25,375,73.58,883,15.25,183,8.17,98,5750,479.17,0
3,MIN,WE,8,N,,,,727,1775,383,578,166,500,309,650,959,466,617,226,529,102,2003,747,1807,469,613,141,389,302,612,914,495,618,273,465,117,2104,10,22,32,7,9,3,13,6,15,6475,139874,0.31,62.59,65.75,0.41,0.33,0.66,29.97,9.66,20.31,28.56,9.44,19.12,0.51,0.34,0.68,0.44,0.19,0.29,14.56,16.53,0.88,3.19,7.06,140.75,512,143.81,34.58,415,60.83,730,15.17,182,7.42,89,5452,454.33,1
4,MIN,WE,4,Y,L,,,875,1978,450,624,180,524,361,718,1079,580,634,242,558,101,2380,878,2067,473,633,141,446,337,652,989,528,666,271,471,126,2370,18,16,34,11,6,7,10,14,10,6850,120253,0.53,70.0,69.71,0.44,0.34,0.72,31.74,10.62,21.12,29.09,9.91,19.18,0.52,0.36,0.68,0.65,0.41,0.58,17.06,16.41,1.04,2.97,7.12,188.82,620,187.32,48.73,536,79.09,870,18.91,208,8.27,91,5729,520.82,1
5,MIN,WE,3,Y,L,,,767,1900,454,640,177,542,332,724,1056,526,660,257,613,139,2165,804,1972,490,669,92,330,323,713,1036,508,676,333,502,133,2190,18,16,34,11,6,7,10,12,10,6850,125097,0.53,63.68,64.41,0.4,0.33,0.71,31.06,9.76,21.29,30.47,9.5,20.97,0.5,0.32,0.69,0.65,0.41,0.55,15.47,18.03,0.86,4.09,7.56,159.25,432,131.11,40.67,488,70.92,851,18.17,218,11.17,134,5872,489.33,0
6,MIN,WE,6,N,,,,801,1946,437,601,172,492,310,715,1025,531,624,258,536,127,2211,862,2019,435,592,129,376,344,711,1055,537,665,275,487,144,2288,14,20,34,11,6,3,14,9,13,6850,113447,0.41,65.03,67.29,0.41,0.35,0.73,30.15,9.12,21.03,31.03,10.12,20.91,0.49,0.3,0.68,0.65,0.18,0.41,15.62,15.76,0.99,3.74,7.59,134.27,382,127.78,32.8,492,56.93,854,15.2,228,8.33,125,6092,406.13,0
7,MIN,WE,7,N,,,,945,2211,485,681,148,419,340,804,1144,491,654,193,530,113,2523,1004,2314,548,719,179,542,372,832,1204,625,633,308,438,124,2735,10,24,34,8,9,2,15,6,14,6825,109522,0.29,74.21,80.44,0.43,0.35,0.71,33.65,10.0,23.65,35.41,10.94,24.47,0.49,0.29,0.68,0.47,0.12,0.3,14.44,15.59,0.93,3.32,5.68,216.0,744,205.9,42.73,470,88.18,970,16.09,177,10.18,112,6153,559.36,0
8,MIN,WE,6,N,,,,971,2355,531,674,163,496,397,785,1182,596,713,238,561,95,2636,988,2195,614,785,162,461,318,800,1118,565,645,279,529,147,2752,10,24,34,7,10,3,14,8,14,6875,121019,0.29,77.53,80.94,0.41,0.33,0.79,34.76,11.68,23.09,32.88,9.35,23.53,0.51,0.33,0.71,0.41,0.18,0.36,17.53,16.5,1.06,2.79,7.0,210.0,769,217.07,47.83,574,89.25,1071,19.0,228,7.58,91,6377,531.42,0
9,MIN,WE,7,N,,,,991,2303,652,864,133,413,353,792,1145,557,751,309,472,131,2767,974,2220,612,809,161,486,350,862,1212,587,748,248,579,140,2721,16,18,34,9,8,7,10,8,12,6900,118463,0.47,81.38,80.03,0.43,0.32,0.75,33.68,10.38,23.29,35.65,10.29,25.35,0.49,0.29,0.69,0.53,0.41,0.4,16.38,13.88,1.18,3.85,9.09,184.47,591,177.27,37.13,557,76.33,1145,20.6,309,8.73,131,6901,460.07,0
10,MIN,WE,5,N,,,,949,2257,591,766,242,695,325,762,1087,509,693,301,513,128,2731,1041,2260,550,711,195,510,317,848,1165,589,694,250,543,140,2827,14,20,34,9,8,5,12,7,13,6875,128127,0.41,80.32,83.15,0.42,0.35,0.77,31.97,9.56,22.41,34.26,9.32,24.94,0.48,0.28,0.71,0.53,0.29,0.35,14.97,15.09,0.99,3.76,8.85,210.08,446,156.17,39.15,509,83.62,1087,23.15,301,9.85,128,6874,528.77,0
1,NYL,EA,1,Y,W,W,L,792,1815,429,567,135,396,288,652,940,477,617,246,474,102,2148,741,1822,437,590,116,420,320,647,967,462,645,223,479,94,2035,20,12,32,12,4,8,8,14,7,6425,231962,0.62,67.12,63.59,0.44,0.34,0.76,29.38,9.0,20.38,30.22,10.0,20.22,0.49,0.31,0.67,0.75,0.5,0.67,14.91,14.81,1.01,3.19,7.69,165.23,427,157.72,36.69,477,72.31,940,18.92,246,7.85,102,6425,494.23,1
2,NYL,EA,2,Y,W,L,,833,1828,336,500,160,421,255,660,915,553,616,265,437,82,2162,744,1759,461,640,133,394,304,679,983,430,600,223,496,76,2082,21,11,32,13,3,8,8,13,8,6400,250565,0.66,67.56,65.06,0.46,0.38,0.67,28.59,7.97,20.62,30.72,9.5,21.22,0.48,0.27,0.68,0.81,0.5,0.62,17.28,13.66,1.27,2.56,8.28,144.13,489,160.21,36.87,553,61.0,915,17.67,265,5.47,82,6400,426.67,1
3,NYL,EA,1,Y,W,W,L,772,1740,400,567,145,400,260,610,870,496,638,261,458,100,2089,691,1733,484,645,149,434,312,649,961,410,597,228,478,88,2015,18,14,32,10,6,8,8,11,10,6450,234717,0.56,65.28,62.97,0.44,0.36,0.71,27.19,8.12,19.06,30.03,9.75,20.28,0.48,0.29,0.66,0.62,0.5,0.52,15.5,14.31,1.08,3.12,8.16,189.91,451,180.64,45.09,496,79.09,870,23.73,261,9.09,100,6450,586.36,0
4,NYL,EA,6,N,,,,825,1923,412,537,181,500,271,686,957,527,587,262,470,128,2243,821,1959,459,581,155,467,326,736,1062,506,614,269,480,96,2256,16,18,34,11,6,5,12,11,13,6850,212346,0.47,65.97,66.35,0.43,0.36,0.77,28.15,7.97,20.18,31.24,9.59,21.65,0.47,0.27,0.68,0.65,0.29,0.46,15.5,13.82,1.12,3.76,7.71,186.92,430,155.08,43.92,527,79.75,957,21.83,262,10.67,128,6850,570.83,1
5,NYL,EA,2,Y,W,L,,819,1932,398,531,216,617,263,741,1004,539,587,209,506,124,2252,867,2096,431,579,132,416,371,730,1101,517,589,288,430,123,2297,18,16,34,11,6,7,10,10,10,6900,168062,0.53,66.24,67.56,0.42,0.35,0.75,29.53,7.74,21.79,32.38,10.91,21.47,0.48,0.26,0.67,0.65,0.41,0.5,15.85,14.88,1.07,3.65,6.15,187.67,460,150.52,44.92,539,83.67,1004,17.42,209,10.33,124,6900,575.0,1
6,NYL,EA,3,Y,L,,,828,1860,452,552,208,605,242,732,974,498,613,214,462,112,2316,859,2012,442,608,125,398,345,685,1030,473,590,275,411,86,2285,18,16,34,10,7,8,9,9,11,6925,172381,0.53,68.12,67.21,0.45,0.34,0.82,28.65,7.12,21.53,30.29,10.15,20.15,0.49,0.26,0.68,0.59,0.47,0.45,14.65,13.59,1.08,3.29,6.29,154.4,473,166.95,33.2,498,64.93,974,14.27,214,7.47,112,6925,461.67,0
7,NYL,EA,5,N,,,,822,2069,512,650,216,645,285,736,1021,475,674,252,576,112,2372,966,2153,553,722,171,461,341,832,1173,508,668,270,485,134,2656,11,23,34,7,10,4,13,7,13,6875,155048,0.32,69.76,78.12,0.4,0.33,0.79,30.03,8.38,21.65,34.5,10.03,24.47,0.47,0.26,0.68,0.41,0.24,0.35,13.97,16.94,0.82,3.29,7.41,169.43,423,132.34,33.93,475,72.93,1021,18.0,252,8.0,112,6876,491.14,1
8,NYL,EA,4,Y,L,,,870,2087,430,580,243,653,287,788,1075,500,618,289,612,109,2413,920,2223,471,619,190,589,378,837,1215,509,608,321,562,115,2501,16,18,34,10,7,6,11,10,10,6850,147866,0.47,70.97,73.56,0.42,0.37,0.74,31.62,8.44,23.18,35.74,11.12,24.62,0.47,0.26,0.68,0.59,0.35,0.5,14.71,18.0,0.82,3.21,8.5,172.36,368,146.95,35.71,500,76.79,1075,20.64,289,7.79,109,6851,489.36,1
9,NYL,EA,3,Y,W,L,,912,2168,490,653,259,706,327,778,1105,551,655,290,547,117,2573,924,2163,516,674,174,485,352,823,1175,496,625,285,559,109,2538,19,15,34,11,6,8,9,11,9,6900,153772,0.56,75.68,74.65,0.42,0.37,0.75,32.5,9.62,22.88,34.56,10.35,24.21,0.48,0.28,0.69,0.65,0.47,0.55,16.21,16.09,1.01,3.44,8.53,197.92,488,139.04,42.38,551,85.0,1105,22.31,290,9.0,117,6901,530.85,0
10,NYL,EA,7,N,,,,900,2168,458,582,254,710,280,802,1082,526,637,276,543,121,2512,906,2157,531,673,192,554,333,869,1202,482,590,269,548,124,2535,13,21,34,8,9,5,12,9,13,6900,166604,0.38,73.88,74.56,0.42,0.36,0.79,31.82,8.24,23.59,35.35,9.79,25.56,0.47,0.24,0.71,0.47,0.29,0.41,15.47,15.97,0.97,3.56,8.12,228.36,514,144.74,47.82,526,98.36,1082,25.09,276,11.0,121,6902,627.45,0
1,ORL,EA,3,Y,L,,,833,1911,397,546,145,424,319,606,925,473,583,255,486,130,2208,851,1964,378,495,153,450,348,669,1017,536,637,264,500,108,2233,16,16,32,11,5,5,11,13,8,6500,117810,0.5,69.0,69.78,0.44,0.34,0.73,28.91,9.97,18.94,31.78,10.88,20.91,0.48,0.32,0.64,0.69,0.31,0.62,14.78,15.19,0.97,4.06,7.97,169.85,438,184.15,36.38,473,71.15,925,19.62,255,10.0,130,6500,500.0,0
2,ORL,EA,5,N,,,,768,1914,430,587,174,532,356,614,970,452,643,320,532,125,2140,806,1831,436,605,157,438,316,659,975,534,600,298,546,114,2205,13,19,32,10,6,3,13,9,12,6450,118874,0.41,66.88,68.91,0.4,0.33,0.73,30.31,11.12,19.19,30.47,9.88,20.59,0.5,0.35,0.66,0.62,0.19,0.43,14.12,16.62,0.85,3.91,10.0,178.33,433,155.05,37.67,452,80.83,970,26.67,320,10.42,125,6450,537.5,0
3,ORL,EA,5,N,,,,808,1914,493,646,145,461,320,595,915,446,669,295,456,113,2254,804,1862,491,668,156,422,362,684,1046,519,637,251,541,108,2255,16,16,32,10,6,6,10,13,8,6525,113837,0.5,70.44,70.47,0.42,0.31,0.76,28.59,10.0,18.59,32.69,11.31,21.38,0.47,0.32,0.62,0.62,0.38,0.62,13.94,14.25,0.98,3.53,9.22,161.0,499,150.55,31.86,446,65.36,915,21.07,295,8.07,113,6525,466.07,0
1,PHO,WE,4,Y,L,,,803,1800,513,661,124,394,275,619,894,465,630,285,429,91,2243,773,1828,421,574,135,416,334,635,969,486,699,224,531,91,2102,20,12,32,11,5,9,7,11,10,6425,161075,0.62,70.09,65.69,0.45,0.31,0.78,27.94,8.59,19.34,30.28,10.44,19.84,0.48,0.3,0.65,0.69,0.56,0.52,14.53,13.41,1.08,2.84,8.91,160.21,608,176.4,33.21,465,63.86,894,20.36,285,6.5,91,6425,458.93,0
2,PHO,WE,5,N,,,,767,1894,429,587,101,313,300,642,942,514,625,292,519,138,2064,785,1892,462,584,137,391,333,698,1031,524,603,283,517,127,2169,13,19,32,10,6,3,13,8,13,6450,136979,0.41,64.5,67.78,0.4,0.32,0.73,29.44,9.38,20.06,32.22,10.41,21.81,0.48,0.3,0.66,0.62,0.19,0.38,16.06,16.22,0.99,4.31,9.12,114.67,395,127.3,28.56,514,52.33,942,16.22,292,7.67,138,6450,358.33,0
3,PHO,WE,7,N,,,,793,1889,405,538,100,328,292,626,918,427,623,267,501,94,2091,850,1870,436,608,155,388,309,692,1001,532,600,268,491,127,2291,11,21,32,10,6,1,15,7,14,6400,139798,0.34,65.34,71.59,0.42,0.3,0.75,28.69,9.12,19.56,31.28,9.66,21.62,0.48,0.3,0.67,0.62,0.06,0.33,13.34,15.66,0.85,2.94,8.34,139.4,473,131.09,28.47,427,61.2,918,17.8,267,6.27,94,6400,426.67,0
4,PHO,WE,7,N,,,,801,2095,379,556,116,349,357,643,1000,461,664,310,479,111,2097,834,1867,466,626,136,371,303,811,1114,509,667,275,610,146,2270,8,26,34,6,11,2,15,5,19,6925,144511,0.24,61.68,66.76,0.38,0.33,0.68,29.41,10.5,18.91,32.76,8.91,23.85,0.47,0.31,0.68,0.35,0.12,0.21,13.56,14.09,0.96,3.26,9.12,99.86,405,124.66,21.95,461,47.62,1000,14.76,310,5.29,111,6925,329.76,0
5,PHO,WE,5,N,,,,826,1922,456,598,192,519,264,652,916,501,748,282,464,137,2300,784,1845,534,724,133,348,309,711,1020,456,660,226,536,137,2235,17,17,34,10,7,7,10,11,11,6825,136295,0.5,67.65,65.74,0.43,0.37,0.76,26.94,7.76,19.18,30.0,9.09,20.91,0.47,0.27,0.68,0.59,0.41,0.5,14.74,13.65,1.08,4.03,8.29,164.29,578,196.19,35.79,501,65.43,916,20.14,282,9.79,137,6825,487.5,0
6,PHO,WE,5,N,,,,826,1994,531,693,178,539,342,720,1062,549,697,243,517,179,2361,855,1993,523,720,121,332,319,705,1024,470,672,265,483,112,2354,16,18,34,11,6,5,12,12,10,6800,124146,0.47,69.44,69.24,0.41,0.33,0.77,31.24,10.06,21.18,30.12,9.38,20.74,0.51,0.33,0.69,0.65,0.29,0.55,16.15,15.21,1.06,5.26,7.15,157.4,527,168.61,36.6,549,70.8,1062,16.2,243,11.93,179,6800,453.33,0
7,PHO,WE,5,N,,,,1079,2434,537,684,265,722,334,811,1145,640,741,275,442,127,2960,1023,2360,630,852,203,618,408,875,1283,578,669,231,537,126,2879,18,16,34,10,7,8,9,8,12,6900,126801,0.53,87.06,84.68,0.44,0.37,0.79,33.68,9.82,23.85,37.74,12.0,25.74,0.47,0.28,0.67,0.59,0.47,0.4,18.82,13.0,1.45,3.74,8.09,185.0,860,243.75,40.0,640,71.56,1145,17.19,275,7.94,127,6900,431.25,1
8,PHO,WE,1,Y,W,W,W,1063,2419,616,754,283,802,279,873,1152,683,658,285,486,159,3025,1022,2526,570,716,290,762,445,945,1390,628,684,244,595,109,2904,23,11,34,12,5,11,6,17,5,6850,131524,0.68,88.97,85.41,0.44,0.35,0.82,33.88,8.21,25.68,40.88,13.09,27.79,0.45,0.23,0.66,0.71,0.65,0.77,20.09,14.29,1.41,4.68,8.38,232.69,613,237.55,52.54,683,88.62,1152,21.92,285,12.23,159,6849,526.85,0
9,PHO,WE,6,N,,,,1069,2485,642,773,230,701,375,851,1226,560,794,232,489,156,3010,1036,2460,694,932,243,695,440,858,1298,650,717,234,500,129,3009,16,18,34,10,7,6,11,8,12,6825,144867,0.47,88.53,88.5,0.43,0.33,0.83,36.06,11.03,25.03,38.18,12.94,25.24,0.49,0.3,0.66,0.59,0.35,0.4,16.47,14.38,1.15,4.59,6.82,215.0,820,253.6,40.0,560,87.57,1226,16.57,232,11.14,156,6826,487.57,1
10,PHO,WE,1,Y,W,W,W,1128,2454,643,752,257,665,284,906,1190,625,740,225,500,181,3156,1094,2582,638,851,205,608,421,864,1285,607,671,260,460,143,3031,23,11,34,12,5,11,6,13,7,6900,144884,0.68,92.82,89.15,0.46,0.39,0.86,35.0,8.35,26.65,37.79,12.38,25.41,0.48,0.25,0.68,0.71,0.65,0.65,18.38,14.71,1.25,5.32,6.62,263.0,648,218.46,52.08,625,99.17,1190,18.75,225,15.08,181,6900,575.0,0
1,POR,WE,7,N,,,,761,1828,488,697,145,433,309,627,936,480,761,265,593,93,2155,788,1847,577,766,150,447,307,646,953,487,729,277,531,130,2303,10,22,32,6,10,4,12,4,17,6525,133076,0.31,67.34,71.97,0.42,0.33,0.7,29.25,9.66,19.59,29.78,9.59,20.19,0.5,0.32,0.67,0.38,0.25,0.19,15.0,18.53,0.81,2.91,8.28,179.58,538,145.57,40.0,480,78.0,936,22.08,265,7.75,93,6525,543.75,0
2,POR,WE,7,N,,,,733,1891,450,612,172,519,300,696,996,451,633,244,500,106,2088,791,1944,461,656,159,410,343,763,1106,501,643,293,474,144,2202,11,21,32,6,10,5,11,5,16,6525,137656,0.34,65.25,68.81,0.39,0.33,0.74,31.12,9.38,21.75,34.56,10.72,23.84,0.47,0.28,0.67,0.38,0.31,0.24,14.09,15.62,0.9,3.31,7.62,160.62,478,141.57,34.69,451,76.62,996,18.77,244,8.15,106,6525,501.92,0
3,POR,WE,5,N,,,,829,1951,410,564,127,391,307,641,948,492,623,239,493,120,2195,819,1885,463,647,126,348,334,678,1012,486,616,272,508,139,2227,16,16,32,9,7,7,9,8,13,6475,128656,0.5,68.59,69.59,0.42,0.32,0.73,29.62,9.59,20.03,31.62,10.44,21.19,0.48,0.31,0.66,0.56,0.44,0.38,15.38,15.41,1.0,3.75,7.47,168.85,339,112.79,37.85,492,72.92,948,18.38,239,9.23,120,6475,498.08,0
1,SAC,WE,3,Y,L,,,876,1993,449,650,142,459,388,650,1038,567,571,332,458,157,2343,811,1918,410,544,144,418,320,631,951,503,600,226,524,116,2176,21,11,32,13,3,8,8,13,8,6400,126841,0.66,73.22,68.0,0.44,0.31,0.69,32.44,12.12,20.31,29.72,10.0,19.72,0.52,0.38,0.67,0.81,0.5,0.62,17.72,14.31,1.24,4.91,10.38,195.25,523,169.29,47.25,567,86.5,1038,27.67,332,13.08,157,6400,533.33,1
2,SAC,WE,2,Y,W,L,,837,1974,457,618,163,423,374,723,1097,558,588,276,494,158,2294,804,2003,415,578,116,400,343,662,1005,496,616,261,481,143,2139,20,12,32,12,4,8,8,13,8,6525,133603,0.62,71.69,66.84,0.42,0.39,0.74,34.28,11.69,22.59,31.41,10.72,20.69,0.52,0.36,0.68,0.75,0.5,0.62,17.44,15.44,1.13,4.94,8.62,176.46,518,156.35,42.92,558,84.38,1097,21.23,276,12.15,158,6525,501.92,0
3,SAC,WE,6,N,,,,780,1945,494,653,112,395,301,648,949,500,675,247,456,109,2166,815,1944,515,681,149,453,352,723,1075,493,633,233,496,128,2294,14,18,32,10,6,4,12,8,13,6575,144179,0.44,67.69,71.69,0.4,0.28,0.76,29.66,9.41,20.25,33.59,11.0,22.59,0.47,0.29,0.65,0.62,0.25,0.38,15.62,14.25,1.1,3.41,7.72,154.71,469,154.45,35.71,500,67.79,949,17.64,247,7.79,109,6575,469.64,1
4,SAC,WE,3,Y,W,L,,862,2107,425,626,150,473,349,718,1067,568,641,297,461,122,2299,816,1991,435,597,149,467,345,751,1096,516,640,224,576,141,2216,19,15,34,12,5,7,10,13,11,6825,155578,0.56,67.62,65.18,0.41,0.32,0.68,31.38,10.26,21.12,32.24,10.15,22.09,0.49,0.32,0.68,0.71,0.41,0.54,16.71,13.56,1.23,3.59,8.74,209.0,469,152.29,51.64,568,97.0,1067,27.0,297,11.09,122,6825,620.45,1
5,SAC,WE,4,Y,W,L,,874,2072,435,604,129,365,389,635,1024,519,641,314,485,118,2312,803,1872,474,631,161,458,310,676,986,513,646,241,593,117,2241,18,16,34,10,7,8,9,12,10,6900,147544,0.53,68.0,65.91,0.42,0.35,0.72,30.12,11.44,18.68,29.0,9.12,19.88,0.51,0.37,0.67,0.59,0.47,0.55,15.26,14.26,1.07,3.47,9.24,192.67,494,145.1,43.25,519,85.33,1024,26.17,314,9.83,118,6900,575.0,1
6,SAC,WE,1,Y,W,W,W,853,1986,494,721,129,360,369,674,1043,527,684,304,500,108,2329,751,1823,478,653,113,376,273,694,967,463,723,235,622,132,2093,25,9,34,15,2,10,7,17,5,6800,145213,0.74,68.5,61.56,0.43,0.36,0.69,30.68,10.85,19.82,28.44,8.03,20.41,0.52,0.35,0.71,0.88,0.59,0.77,15.5,14.71,1.05,3.18,8.94,187.75,469,142.42,42.75,513,84.5,1014,24.0,288,8.58,103,6591,549.25,1
7,SAC,WE,2,Y,W,W,L,919,2190,542,741,157,461,418,720,1138,509,670,330,542,88,2537,872,2021,504,661,156,507,294,725,1019,507,687,244,633,143,2404,21,13,34,14,3,7,10,10,10,6875,147739,0.62,74.62,70.71,0.42,0.34,0.73,33.47,12.29,21.18,29.97,8.65,21.32,0.53,0.37,0.71,0.82,0.41,0.5,14.97,15.94,0.94,2.59,9.71,203.6,407,117.33,45.7,457,96.8,968,26.8,268,7.0,70,5710,571.0,1
8,SAC,WE,3,Y,L,,,901,2214,572,745,153,429,452,723,1175,537,642,325,611,101,2527,891,2081,512,664,186,547,308,718,1026,542,689,274,649,141,2480,19,15,34,12,5,7,10,12,10,6950,142575,0.56,74.32,72.94,0.41,0.36,0.77,34.56,13.29,21.26,30.18,9.06,21.12,0.53,0.39,0.7,0.71,0.41,0.55,15.79,17.97,0.88,2.97,9.56,194.25,436,151.04,42.25,507,93.92,1127,24.0,288,7.58,91,6425,535.42,1
9,SAC,WE,4,Y,L,,,883,2159,611,816,168,438,388,721,1109,473,690,319,586,77,2545,958,2128,469,622,186,542,308,767,1075,581,759,267,624,206,2571,18,16,34,13,4,5,12,9,11,6800,139066,0.53,74.85,75.62,0.41,0.38,0.75,32.62,11.41,21.21,31.62,9.06,22.56,0.51,0.34,0.7,0.76,0.29,0.45,13.91,17.24,0.81,2.26,9.38,180.54,463,154.52,34.54,449,82.85,1077,22.08,287,5.46,71,6267,482.08,0
10,SAC,WE,6,N,,,,946,2194,586,744,132,389,391,763,1154,540,645,289,584,98,2610,994,2221,479,586,223,604,326,702,1028,627,704,262,576,147,2690,12,22,34,7,10,5,12,6,14,6850,131654,0.35,76.76,79.12,0.43,0.34,0.79,33.94,11.5,22.44,30.24,9.59,20.65,0.53,0.36,0.7,0.41,0.29,0.3,15.88,17.18,0.92,2.88,8.5,183.46,567,159.38,39.46,513,84.69,1101,19.69,256,7.0,91,6216,478.15,0
4,SAS,WE,6,N,,,,792,2068,538,736,93,315,350,795,1145,428,728,187,513,167,2215,867,2176,544,745,149,482,389,783,1172,530,669,275,424,140,2427,12,22,34,9,8,3,14,10,14,6825,176526,0.35,65.15,71.38,0.38,0.3,0.73,33.68,10.29,23.38,34.47,11.44,23.03,0.49,0.31,0.67,0.53,0.18,0.42,12.59,15.09,0.83,4.91,5.5,201.36,470,161.66,38.91,428,104.09,1145,17.0,187,15.18,167,6825,620.45,0
5,SAS,WE,7,N,,,,812,1940,488,628,79,247,302,701,1003,493,628,272,513,106,2191,888,2003,416,564,172,469,324,710,1034,575,624,280,492,129,2364,9,25,34,6,11,3,14,6,16,6875,142717,0.26,64.44,69.53,0.42,0.32,0.78,29.5,8.88,20.62,30.41,9.53,20.88,0.49,0.3,0.68,0.35,0.18,0.27,14.5,15.09,0.96,3.12,8.0,146.07,440,135.07,32.87,493,66.87,1003,18.13,272,7.07,106,6875,458.33,0
6,SAS,WE,7,N,,,,764,1833,503,652,110,339,256,690,946,433,650,195,535,90,2141,898,2059,463,611,142,408,351,704,1055,563,685,283,429,148,2401,7,27,34,5,12,2,15,3,19,6800,135054,0.21,62.97,70.62,0.42,0.32,0.77,27.82,7.53,20.29,31.03,10.32,20.71,0.47,0.27,0.66,0.29,0.12,0.14,12.74,15.74,0.81,2.65,5.74,153.58,388,131.7,35.58,427,64.25,771,15.5,186,3.83,46,6127,510.58,0
7,SAS,WE,6,N,,,,915,2255,504,672,189,556,354,814,1168,540,610,246,488,83,2523,974,2262,490,640,165,459,372,865,1237,560,641,254,480,129,2603,13,21,34,6,11,7,10,10,10,6800,125749,0.38,74.21,76.56,0.41,0.34,0.75,34.35,10.41,23.94,36.38,10.94,25.44,0.49,0.29,0.69,0.35,0.41,0.5,15.88,14.35,1.11,2.44,7.24,203.2,408,144.07,49.2,492,91.8,918,22.3,223,5.3,53,5620,562.0,1
8,SAS,WE,2,Y,W,L,,923,2176,464,577,207,566,323,764,1087,567,653,283,558,130,2517,904,2139,529,688,147,454,361,776,1137,516,619,257,583,137,2484,20,14,34,9,8,11,6,13,9,6875,128680,0.59,74.03,73.06,0.42,0.37,0.8,31.97,9.5,22.47,33.44,10.62,22.82,0.49,0.29,0.68,0.53,0.65,0.59,16.68,16.41,1.02,3.82,8.32,200.0,553,193.68,50.0,500,93.2,932,23.4,234,11.5,115,5828,582.8,1
9,SAS,WE,1,Y,W,W,L,901,2080,561,694,183,539,246,847,1093,601,602,272,525,150,2546,904,2271,471,634,139,483,389,817,1206,500,666,278,528,109,2418,24,10,34,15,2,9,8,10,10,6850,135722,0.71,74.88,71.12,0.43,0.34,0.81,32.15,7.24,24.91,35.47,11.44,24.03,0.48,0.23,0.69,0.88,0.53,0.5,17.68,15.44,1.14,4.41,8.0,191.83,582,222.98,45.25,543,81.83,982,19.67,236,10.75,129,5944,495.33,1
10,SAS,WE,4,Y,L,,,936,2190,487,626,256,739,281,768,1049,598,596,257,509,116,2615,1000,2279,488,620,173,499,364,824,1188,529,643,268,502,120,2661,15,19,34,10,7,5,12,10,10,6950,127957,0.44,76.91,78.26,0.43,0.35,0.78,30.85,8.26,22.59,34.94,10.71,24.24,0.47,0.25,0.68,0.59,0.29,0.5,17.59,14.97,1.17,3.41,7.56,266.56,604,193.11,62.22,560,104.67,942,25.56,230,10.78,97,6116,679.56,0
1,SEA,WE,8,N,,,,667,1740,379,561,109,364,256,537,793,390,648,255,525,93,1822,778,1721,498,654,117,334,288,721,1009,506,618,284,529,123,2171,6,26,32,4,12,2,14,4,17,6475,142594,0.19,56.94,67.84,0.38,0.3,0.68,24.78,8.0,16.78,31.53,9.0,22.53,0.44,0.26,0.65,0.25,0.12,0.19,12.19,16.41,0.74,2.91,7.97,130.14,222,69.5,27.86,390,56.64,793,18.21,255,6.64,93,6475,462.5,0
2,SEA,WE,8,N,,,,689,1821,415,606,128,412,306,585,891,412,605,273,431,127,1921,753,1750,417,559,125,325,296,756,1052,492,588,228,519,127,2048,10,22,32,5,11,5,11,6,15,6550,95257,0.31,60.03,64.0,0.38,0.31,0.68,27.84,9.56,18.28,32.88,9.25,23.62,0.46,0.29,0.66,0.31,0.31,0.29,12.88,13.47,0.96,3.97,8.53,147.77,442,124.82,31.69,412,68.54,891,21.0,273,9.77,127,6550,503.85,1
3,SEA,WE,4,Y,L,,,794,1948,418,543,182,506,362,633,995,514,623,282,477,151,2188,783,1818,435,587,102,342,307,662,969,488,563,254,531,125,2103,17,15,32,10,6,7,9,10,11,6450,111774,0.53,68.38,65.72,0.41,0.36,0.77,31.09,11.31,19.78,30.28,9.59,20.69,0.51,0.35,0.67,0.62,0.44,0.48,16.06,14.91,1.08,4.72,8.81,145.87,482,154.93,34.27,514,66.33,995,18.8,282,10.07,151,6450,430.0,0
4,SEA,WE,5,N,,,,890,2045,442,567,166,500,342,732,1074,548,644,232,465,138,2388,844,2039,441,591,145,437,352,689,1041,456,570,245,459,104,2274,18,16,34,13,4,5,12,11,13,6850,120857,0.53,70.24,66.88,0.44,0.33,0.78,31.59,10.06,21.53,30.62,10.35,20.26,0.51,0.33,0.68,0.76,0.29,0.46,16.12,13.68,1.18,4.06,6.82,170.57,698,194.88,39.14,548,76.71,1074,16.57,232,9.86,138,6850,489.29,1
5,SEA,WE,2,Y,W,W,W,873,2025,524,676,167,439,350,709,1059,552,665,302,499,131,2437,851,1989,423,592,139,391,303,679,982,507,678,252,527,137,2264,20,14,34,13,4,7,10,13,9,6825,134291,0.59,71.68,66.59,0.43,0.38,0.78,31.15,10.29,20.85,28.88,8.91,19.97,0.52,0.34,0.7,0.76,0.41,0.59,16.24,14.68,1.11,3.85,8.88,203.08,634,198.88,46.0,552,88.25,1059,25.17,302,10.92,131,6825,568.75,1
6,SEA,WE,2,Y,L,,,906,2066,544,688,142,429,323,776,1099,520,657,201,516,158,2498,892,2163,490,646,133,419,334,686,1020,568,691,267,438,154,2407,20,14,34,14,3,6,11,13,9,6825,151150,0.59,73.47,70.79,0.44,0.33,0.79,32.32,9.5,22.82,30.0,9.82,20.18,0.52,0.32,0.7,0.82,0.35,0.59,15.29,15.18,1.01,4.65,5.91,192.15,597,180.22,40.0,520,84.54,1099,15.46,201,12.15,158,6825,525.0,1
7,SEA,WE,4,Y,L,,,961,2124,562,712,160,475,327,821,1148,514,682,232,570,127,2644,940,2218,531,707,164,484,322,709,1031,520,683,297,485,115,2575,18,16,34,9,8,9,8,10,10,6800,145664,0.53,77.76,75.74,0.45,0.34,0.79,33.76,9.62,24.15,30.32,9.47,20.85,0.53,0.32,0.72,0.53,0.53,0.5,15.12,16.76,0.9,3.74,6.82,188.86,585,186.7,36.71,514,82.0,1148,16.57,232,9.07,127,6800,485.71,1
8,SEA,WE,4,Y,L,,,964,2210,582,715,224,639,344,820,1164,533,620,242,533,151,2734,987,2321,478,586,195,528,333,761,1094,591,642,272,495,112,2647,17,17,34,12,5,5,12,11,11,6825,135553,0.5,80.41,77.85,0.44,0.35,0.81,34.24,10.12,24.12,32.18,9.79,22.38,0.52,0.31,0.71,0.71,0.29,0.5,15.68,15.68,1.0,4.44,7.12,195.29,739,218.22,38.07,533,83.14,1164,17.29,242,10.79,151,6827,487.64,1
9,SEA,WE,2,Y,L,,,899,2112,552,728,143,453,340,822,1162,530,684,269,526,140,2493,861,2164,512,680,172,539,332,760,1092,498,674,263,515,115,2406,22,12,34,16,1,6,11,13,7,6800,140503,0.65,73.32,70.76,0.43,0.32,0.76,34.18,10.0,24.18,32.12,9.76,22.35,0.52,0.31,0.71,0.94,0.35,0.65,15.59,15.47,1.01,4.12,7.91,178.07,465,156.06,37.86,530,83.0,1162,19.21,269,10.0,140,6799,485.64,1
10,SEA,WE,2,Y,L,,,909,2116,555,707,171,486,316,788,1104,536,710,276,555,150,2544,882,2150,510,671,202,585,332,746,1078,517,672,275,555,131,2476,20,14,34,13,4,7,10,13,7,7025,133858,0.59,74.82,72.82,0.43,0.35,0.79,32.47,9.29,23.18,31.71,9.76,21.94,0.51,0.3,0.7,0.76,0.41,0.65,15.76,16.32,0.97,4.41,8.12,195.69,499,185.21,41.23,536,84.92,1104,21.23,276,11.54,150,7026,540.46,0
1,UTA,WE,5,N,,,,858,1896,609,790,88,262,348,732,1080,522,698,214,544,157,2413,860,1964,531,721,156,448,313,598,911,503,702,301,437,112,2407,18,14,32,12,4,6,10,13,8,6400,103442,0.56,75.41,75.22,0.45,0.34,0.77,33.75,10.88,22.88,28.47,9.78,18.69,0.54,0.37,0.7,0.75,0.38,0.62,16.31,17.0,0.96,4.91,6.69,172.36,543,174.68,37.29,522,77.14,1080,15.29,214,11.21,157,6400,457.14,1
2,UTA,WE,3,Y,L,,,811,1849,507,675,78,244,295,775,1070,524,622,202,493,156,2207,789,1976,489,660,125,429,344,630,974,478,645,275,390,148,2192,19,13,32,9,7,10,6,11,10,6475,110507,0.59,68.97,68.5,0.44,0.32,0.75,33.44,9.22,24.22,30.44,10.75,19.69,0.52,0.32,0.69,0.56,0.62,0.52,16.38,15.41,1.06,4.88,6.31,183.92,439,161.87,43.67,524,89.17,1070,16.83,202,13.0,156,6475,539.58,1
3,UTA,WE,3,Y,W,,,843,1911,643,844,89,247,347,721,1068,478,665,228,522,178,2418,851,2067,516,688,126,377,361,645,1006,489,724,260,444,149,2344,20,12,32,12,4,8,8,12,9,6450,118720,0.62,75.56,73.25,0.44,0.36,0.76,33.38,10.84,22.53,31.44,11.28,20.16,0.51,0.35,0.67,0.75,0.5,0.57,14.94,16.31,0.92,5.56,7.12,186.0,503,190.4,36.77,478,82.15,1068,17.54,228,13.69,178,6450,496.15,0
1,WAS,EA,4,Y,L,,,832,1813,403,578,109,335,300,646,946,521,597,245,506,126,2176,845,1875,382,555,149,397,299,612,911,513,595,261,456,102,2221,14,18,32,7,9,7,9,13,8,6400,244134,0.44,68.0,69.41,0.46,0.33,0.7,29.56,9.38,20.19,28.47,9.34,19.12,0.51,0.33,0.68,0.44,0.44,0.62,16.28,15.81,1.03,3.94,7.66,167.38,561,194.33,40.08,521,72.77,946,18.85,245,9.69,126,6400,492.31,0
2,WAS,EA,8,N,,,,739,1915,333,504,117,418,356,699,1055,424,537,257,495,127,1928,791,1945,347,467,146,408,331,737,1068,487,543,261,454,103,2075,10,22,32,8,8,2,14,4,17,6500,246667,0.31,60.25,64.84,0.39,0.28,0.66,32.97,11.12,21.84,33.38,10.34,23.03,0.5,0.33,0.68,0.5,0.12,0.19,13.25,15.47,0.86,3.97,8.03,137.71,486,148.21,30.29,424,75.36,1055,18.36,257,9.07,127,6500,464.29,1
3,WAS,EA,3,Y,W,,,806,1910,359,478,164,443,330,708,1038,516,583,221,455,94,2135,786,1903,397,538,147,446,309,680,989,442,570,237,441,101,2116,17,15,32,9,7,8,8,12,9,6450,259237,0.53,66.72,66.12,0.42,0.37,0.75,32.44,10.31,22.12,30.91,9.66,21.25,0.51,0.33,0.7,0.56,0.5,0.57,16.12,14.22,1.13,2.94,6.91,152.5,397,133.03,36.86,516,74.14,1038,15.79,221,6.71,94,6450,460.71,0
4,WAS,EA,7,N,,,,896,2191,381,507,157,505,382,703,1085,568,676,213,462,99,2330,909,2033,509,691,171,482,334,781,1115,591,565,251,468,119,2498,9,25,34,3,14,6,11,7,17,6875,238710,0.26,68.53,73.47,0.41,0.31,0.75,31.91,11.24,20.68,32.79,9.82,22.97,0.49,0.33,0.68,0.18,0.35,0.29,16.71,13.59,1.23,2.91,6.26,166.43,554,171.0,40.57,568,77.5,1085,15.21,213,7.07,99,6875,491.07,1
5,WAS,EA,4,Y,L,,,873,2088,474,661,105,283,337,726,1063,467,652,255,424,128,2325,864,2013,510,686,146,425,336,770,1106,534,627,237,492,111,2384,17,17,34,11,6,6,11,9,11,6850,214448,0.5,68.38,70.12,0.42,0.37,0.72,31.26,9.91,21.35,32.53,9.88,22.65,0.49,0.3,0.68,0.65,0.35,0.45,13.74,12.47,1.1,3.76,7.5,193.75,446,141.69,38.92,467,88.58,1063,21.25,255,10.67,128,6850,570.83,0
6,WAS,EA,5,N,,,,847,1968,388,546,181,510,266,677,943,517,697,260,435,76,2263,833,1872,489,648,150,433,267,757,1024,545,638,205,504,108,2305,16,18,34,10,7,6,11,9,11,6900,171501,0.47,66.56,67.79,0.43,0.35,0.71,27.74,7.82,19.91,30.12,7.85,22.26,0.48,0.26,0.72,0.59,0.35,0.45,15.21,12.79,1.19,2.24,7.65,174.08,422,161.4,39.77,517,72.54,943,20.0,260,5.85,76,6900,530.77,1
7,WAS,EA,4,Y,L,,,1016,2199,528,715,187,522,330,770,1100,576,784,306,541,113,2747,909,2102,635,851,204,553,321,720,1041,583,687,252,573,89,2657,18,16,34,13,4,5,12,12,8,6850,133255,0.53,80.79,78.15,0.46,0.36,0.74,32.35,9.71,22.65,30.62,9.44,21.18,0.51,0.31,0.71,0.76,0.29,0.6,16.94,15.91,1.06,3.32,9.0,228.92,614,179.43,48.0,576,91.67,1100,25.5,306,9.42,113,6850,570.83,0
8,WAS,EA,5,N,,,,877,2170,668,839,163,528,335,783,1118,472,763,282,571,133,2585,924,2216,616,801,175,520,383,825,1208,549,762,256,579,103,2639,16,18,34,8,9,8,9,8,12,6900,133255,0.47,76.03,77.62,0.4,0.31,0.8,32.88,9.85,23.03,35.53,11.26,24.26,0.48,0.29,0.67,0.47,0.47,0.4,13.88,16.79,0.83,3.91,8.29,172.33,622,187.48,31.47,472,74.53,1118,18.8,282,8.87,133,6891,459.4,0
9,WAS,EA,6,N,,,,885,2131,435,659,163,460,362,770,1132,483,757,241,637,93,2368,929,2096,563,760,180,528,306,787,1093,542,708,314,530,146,2601,10,24,34,6,11,4,13,6,14,6825,154637,0.29,69.65,76.5,0.42,0.35,0.66,33.29,10.65,22.65,32.15,9.0,23.15,0.51,0.32,0.72,0.35,0.24,0.3,14.21,18.74,0.76,2.74,7.09,148.0,532,157.05,30.19,483,70.75,1132,15.06,241,5.81,93,6825,426.56,1
10,WAS,EA,4,Y,L,,,933,2205,580,827,139,426,388,803,1191,453,725,314,607,118,2585,945,2184,570,755,162,478,322,789,1111,524,778,315,576,156,2622,16,18,34,11,6,5,12,10,12,6875,192747,0.47,76.03,77.12,0.42,0.33,0.7,35.03,11.41,23.62,32.68,9.47,23.21,0.52,0.33,0.71,0.65,0.29,0.45,13.32,17.85,0.75,3.47,9.24,215.42,492,168.12,37.75,453,99.25,1191,26.17,314,9.83,118,6873,572.75,0
